label,smiles
257,CC(C)n1nc(C#Cc2cccc3cc(-c4cccc(C(F)(F)F)c4)ncc23)c2c(N)ncnc21
13,CC(C)c1nn(C)cc1-c1nc2cc(Br)cnc2[nH]1
469,NS(=O)(=O)c1ccc(N/N=C2\C(=O)Nc3ccc(-c4cnco4)cc32)cc1
463,NC(=O)Cc1ccccc1Oc1nccc(-c2c(-c3ccc(F)cc3)ncn2C2CCNCC2)n1
460,O=C(O)C(F)(F)F.O=C(O[C@H]1CN[C@H](C#Cc2cc3ncnc(Nc4ccc(Cc5ccccc5)cc4)c3s2)C1)N1CCOCC1
460,COC(=O)Nc1nc2ccc(Oc3ccc(NC(=O)Nc4cccc(Cl)c4)cc3)cc2[nH]1.Cl
468,COc1ccc2[nH]c3c4[nH]c5ccc(OC)cc5c4c4c(c3c2c1)C(=O)NC4=O
500,CC1=C(C(=O)Nc2ccc3[nH]ncc3c2)C(c2ccc(F)cc2)NC(=O)N1
462,O=C1Nc2ccccc2/C1=C1\CCc2cc(O)ccc21
464,NC(=O)c1cc(-c2ccc(F)cc2)cc(-c2ccncc2)c1N
97,Cc1ccc(-c2c(C(=O)CF)n(CCCO)c3ncnc(N)c23)cc1
471,CCn1c(-c2nonc2N)nc2c(C#CC(C)(C)O)nc(CN3CCCC3)cc21
588,COc1ccc(OC)c2c(=S)c3ccccc3[nH]c12
467,O=C(Nc1n[nH]c2nc(-c3ccco3)ccc12)C1CC1
530,Cn1sc(=O)n(Cc2ccccc2)c1=O
267,O=c1[nH]c2ncc(-c3ccc(-c4nc[nH]n4)cc3)nc2n1CCC1CCOCC1
407,C[C@@H]1C[C@H]1C(=O)N1CCN(c2cnc(C#N)c(-c3cnn(C)c3)n2)C[C@H]1C
3,CC(=O)O/N=C1C(=C2\C(=O)Nc3c(Br)cccc32)\Nc2ccccc2\1
530,C=CC(=O)Nc1cc(Nc2ncc(Cl)c(Nc3ccccc3S(=O)(=O)C(C)C)n2)c(OC)cc1N(C)CCN(C)C
461,Nc1nccc(-c2c(-c3ccc(F)cc3)nn3cc(C(F)(F)F)ccc23)n1
709,COc1ccc2c(c1)/C(=C/c1cnc[nH]1)C(=O)N2
5,COCCO[C@H]1CN(CC(=O)Nc2ccc(Sc3nc(Nc4cc(C)[nH]n4)c4cccn4n3)cc2)C[C@@H]1O
114,c1nc(N2CCOCC2)c2nc[nH]c2n1
490,O=C1NC(=O)c2c1c1c3ccccc3[nH]c1c1[nH]c3cc(Br)ccc3c21
525,Cc1nc(C2CCN(C(=O)c3ccc(OC(F)(F)F)cc3N)CC2)c2ncc(N3CCN(C)CC3)cc2n1
466,CC(C)(C)c1ccc(Oc2nccc(-c3c(-c4ccc(F)cc4)ncn3C3CCNCC3)n2)cc1
258,Cc1nccc2c1[nH]c1ccccc12
480,O=C(Nc1ccc(Cl)cc1)c1ccccc1NCc1ccncc1
548,Nc1cccc(-c2cc3c(Oc4cccc(O)c4)ncnc3[nH]2)c1
468,O=C1Nc2ccc(Br)cc2/C1=C\c1cc2c([nH]1)CCCC2
476,CCc1nc(-c2ccc(OC)cc2)[nH]c1-c1ccncc1
588,COc1ccc2c(c1)[nH]c1c(C)nccc12
377,Cc1ccc(NC(=O)C2(C(=O)Nc3ccc(Nc4ncc(F)c(-c5cc(F)c6nc(C)n(C(C)C)c6c5)n4)cc3)CC2)cc1
464,CCS(=O)(=O)c1ccc(OC)c(Nc2ncc(-c3cccc(OC)c3)o2)c1
46,CCc1cccc(CC)c1NC(=O)N1Cc2[nH]nc(NC(=O)c3ccc(N4CCN(C)CC4)cc3)c2C1
465,COc1cc(Nc2ncc(-c3ccccc3)o2)cc(OC)c1
470,NS(=O)(=O)c1cccc(-c2ccc3c(NC(=O)C4CC4)n[nH]c3c2)c1
484,C[C@@H](Oc1cc(-n2cnc3ccc(OC4CCN(C)CC4)cc32)sc1C(N)=O)c1ccccc1Cl
416,CC1(C)[C@H](Nc2c(C(N)=O)cnn3cc(-c4ccccc4)cc23)CC[C@]1(C)N
608,CCC(=O)N[C@H]1CC[C@@H](C(=O)N(C)c2ccc(-c3nc4ccccc4o3)cc2)C1
464,CC(=O)Nc1cccc(C#Cc2cncnc2Nc2ccc(OCc3cccc(F)c3)c(Cl)c2)n1
5,Cc1cc(Nc2nc(Sc3ccc(NC(=O)CN4C[C@H](O)[C@@H](Oc5ccc(F)cc5F)C4)cc3)nn3cccc23)n[nH]1
521,CN([C@@H]1CCc2c(CC(=O)O)c3cc(S(C)(=O)=O)ccc3n2C1)S(=O)(=O)c1ccc(F)cc1
749,N#CC1(c2ccccn2)CCN(Cc2cc(C(=O)O)c(=O)n3ccccc23)CC1
472,CN(c1ccc(NC(=O)Nc2ccc(OC(F)(F)F)cc2)cc1)c1ccnc(Nc2cccc(S(N)(=O)=O)c2)n1
466,N#Cc1ccc(Oc2nccc(-c3c(-c4ccc(F)cc4)ncn3C3CCNCC3)n2)cc1
517,N#CC1(c2ccccn2)CCN(Cc2cc(C(=O)N3CCCC3)c(=O)n3ccccc23)CC1
12,O=C1C(c2c(O)[nH]c3c(Br)cccc23)=Nc2ccccc21
451,CN(C)CCOc1cc(-c2cn[nH]c2)ccc1NC(=O)C1COc2ccccc2O1
217,Cc1[nH]nc(C2CC2)c1-c1ccc2c(-c3ccc(N4CCN(C)CC4)nc3)n[nH]c2c1
585,COCCN[C@H]1CC[C@H](Nc2cc(-c3csc(NCC4(C#N)CCOCC4)n3)c(Cl)cn2)CC1
466,O=C(Nc1n[nH]c2cc(-c3ccc(F)cc3)ccc12)C1CC1
460,Cl.NC(=O)c1cccc(Nc2nccc(Nc3cccc(F)c3)n2)c1
4,O=C(Nc1cccc(Cl)c1)NC1NC=C(CCNc2ncnc3sccc23)S1
10,COc1ccc(NC(=O)CC(=O)Nc2ccc3c(c2)NC(=O)/C3=C\c2ccc[nH]2)cc1
473,CC(=O)c1ccc(N2CCOCC2)cc1O
628,Nc1n[nH]c2nc3ccccc3nc12
458,Cl.Oc1cccc(-c2nc(-c3ccccc3)[nH]c2-c2ccncc2)c1
514,CS(=O)(=O)NCC[C@H](NC(=O)c1cncc2c1cnn2-c1ccc(F)cc1)c1ccnc(S(C)(=O)=O)c1
469,Cc1ccc2c(-c3ccnc(Nc4cccc(C(F)(F)F)c4)n3)c(-c3ccccc3)nn2n1
914,Nc1nonc1-c1nc2cnccc2n1C1CC1
526,O=C(Nc1ccc(Oc2ccc(F)cc2)cc1)N1CCc2ncccc2[C@H]1c1ccc(F)cc1
565,Cc1cc2ncc(-c3ccccc3)nc2cc1C
442,CN(C)CC(=O)N1CCC(c2ccc(NC(=O)c3nc(C#N)c[nH]3)c(C3=CCCCC3)c2)CC1.Cl
5,Cc1cc(Nc2nc(Sc3ccc(NC(=O)CN4C[C@H](OC(C)(C)C)C[C@@H]4CO)cc3)nn3cccc23)n[nH]1
465,O=C(NCC1CC1)c1ccc(-c2cccc(C(=O)NC3CC3)c2)cc1
464,CCOc1ccc2c(-c3ccnc(Nc4cccc(C(F)(F)F)c4)n3)cnn2n1
3,CC(=O)O/N=C1C(=C2\C(=O)Nc3c(F)cccc32)\Nc2ccccc2\1
517,C[C@@]1(Cc2ccc(C#N)cc2)C(=O)N(c2cc(Cl)cc(Cl)c2)c2ncc(C(=O)NC3(c4nc(C5CCC5)no4)CC3)n21
79,O=C(Nc1ccc2cc(C(=O)Nc3nccs3)ccc2c1)c1ccc(Cl)c(Cl)c1
465,CS(=O)(=O)CCN(CC#N)Cc1ccc(-c2ccc3ncnc(Nc4ccc(OCc5cccc(F)c5)c(Cl)c4)c3c2)o1
375,Cc1ccc2c(Nc3ccc(Cl)cc3)nccc2c1Nc1ncccc1-c1ncnc2[nH]cnc12.Cl.Cl.Cl
461,O=C1NC(=O)C(N2CCc3ccccc32)=C1c1ccc(Cl)cc1
44,COc1ccc(CNc2ccnc3oc4ccccc4c23)cc1
21,COc1cc(C(=O)OCCCCCCOC(=O)c2ccc(O)c(OC)c2)ccc1O
36,COc1ccc(NC(=O)Nc2ccc3c(c2)NC(=O)/C3=C\c2[nH]cc(C(=O)O)c2C)cc1
482,CS(=O)(=O)N1CCCC(NC(=O)[C@H](CCC2CCCCC2)NC(=O)c2ccc(CNC(=O)c3cnc4ccccn34)cc2)C1
1377,Oc1ccc(-c2nc(-c3ccc(F)cc3)c(-c3ccncc3)[nH]2)cc1
465,CN(c1ccc(NC(=O)Nc2c(Cl)cccc2Cl)cc1)c1ccnc(Nc2cccc(CS(C)(=O)=O)c2)n1
468,CS(=O)(=O)CCNCc1ccc(-c2ccc3ncnc(Nc4ccc(OCc5cccc(F)c5)c(C(F)(F)F)c4)c3c2)o1
462,Cl.O=C1Nc2ccc(-c3cccnc3)cc2C1=Cc1cc(Br)c(O)c(Br)c1
459,O=C(Nc1n[nH]c2nnc(-c3cccnc3)cc12)C1CC1.O=C(O)C(F)(F)F
479,O=C1Nc2ccc(I)cc2C1=Cc1cc(Br)c(O)c(Br)c1
263,Cc1cc(OCc2ccc(F)cc2F)c(Br)c(=O)n1Cc1ccc(CN(C)C)cc1
496,O=C(Nc1cccc([C@@H]2CN(c3ncnc4[nH]ccc34)CCN2CCO)c1)Nc1c(F)cccc1N1CCCC1
464,Fc1ccc(-c2ncn(C3CCNCC3)c2-c2ccnc(Oc3ccc(F)c(F)c3)n2)cc1
577,Cc1ccc2nc(NCCN)c3ncc(C)n3c2c1
460,COc1cccc(-c2c[nH]c3c(N/N=C/c4ccncc4)ncnc23)c1
519,CCC(=O)N[C@@H]1CC[C@H](C(=O)N(C)c2ccc(-c3nc4ccccc4o3)cc2)C1
79,O=C(Nc1nc2cc3c(cc2[nH]1)OC(F)(F)O3)c1csc(NC(=O)c2ccccc2OC(F)(F)F)n1
628,CN(C)CC#Cc1ccc(OCCCc2sc(N3CCc4cccc(C(=O)Nc5nc6ccccc6s5)c4C3)nc2C(=O)O)c(F)c1
473,Nc1ncc(-c2cccc(S(N)(=O)=O)c2)c2scc(-c3ccc(F)c(Cl)c3)c12
457,CN1CCN(c2ccc(-c3cnc4c(c3)N(Cc3c(F)ccc(F)c3Cl)CCN4)cn2)CC1
465,NS(=O)(=O)c1ccc(-c2ccc3c(NC(=O)C4CC4)n[nH]c3c2)cc1
465,OCc1ccc(-c2nc(-c3ccccn3)c(-c3ccc4c(c3)OCO4)[nH]2)cc1
465,NCc1ccc(-n2c(-c3nonc3N)nc3cnccc32)cc1
725,CC(C)n1nc(-c2cc3cc(O)ccc3[nH]2)c2c(N)ncnc21
156,CN1CCN(Cc2ccc(-c3cnc4[nH]cc(-c5ccc6[nH]ccc6c5)c4c3)cc2)CC1
398,ClC/C=C/C[N+]12CN3CN(CN(C3)C1)C2.[Cl-]
26,COc1c2c(cc3oc(C)cc(=O)c13)OC(C(C)(C)O[C@H]1O[C@@H](CO)[C@H](O)[C@@H](O)[C@@H]1O)C2
555,Cc1cc(-n2nc(Cc3cc(F)cc(C(F)(F)F)c3)nc2C)ccc1C(N)=O
488,N#Cc1cnc2cnc(NCc3cccnc3)cc2c1Nc1ccc(F)c(Cl)c1
171,NC1(C(=O)NCc2ccc(Cl)cc2)CCN(c2ncnc3[nH]ccc23)CC1
3,CC(=O)O/N=C1C(=C2\C(=O)Nc3c(I)cccc32)\Nc2ccccc2\1
56,O=C(Nc1n[nH]c2cc(C(=O)N[C@H](CN3CCCC3)c3ccccc3)sc12)c1ccc(N2CCOCC2)cc1
250,CCS(=O)(=O)Nc1ccc2c(c1)/C(=C(/Nc1ccc(CN3CCCCC3)cc1)c1ccccc1)C(=O)N2
66,O=Cc1c[nH]c2ccc3c4ccccc4[nH]c3c12
464,c1ccc(COc2ccc(Nc3ncnc4ccc(-c5ccco5)cc34)cc2)cc1
467,CCc1nccc2c1nc(-c1nonc1N)n2CC
464,CCn1c(-c2nonc2N)nc2c(C#CCN)ncc(OCCCN)c21.O=C(O)C(F)(F)F
602,CO[C@H]1CC[C@H](CNc2ccc(S(=O)(=O)NC(=O)c3ccc(N4CCN(CC5=C(c6ccc(Cl)cc6)CC(C)(C)CC5)CC4)cc3Oc3cnc4[nH]ccc4c3)cc2[N+](=O)[O-])CC1
617,CNCc1ccccc1-c1csc([C@@H](C)Nc2nc(C)nc3cc(OC)c(OC)cc23)c1
461,COc1cccc(-n2ncc3c(N/N=C/c4cccc(F)c4)ncnc32)c1
458,Cc1ccc(Nc2ccnc(Nc3cccc(C(N)=O)c3)n2)cc1O.Cl
5,Cc1cc(Nc2nc(Sc3ccc(NC(=O)CN4C[C@H](O)[C@@H](OC(C)(C)C(F)(F)F)C4)cc3)nn3cccc23)n[nH]1
239,O=C1NC(=O)C(c2ccccc2[N+](=O)[O-])=C1Nc1ccc(O)c(Cl)c1
467,FC(F)(F)c1cccc(Nc2nccc(-c3cnn4nc(-c5ccccc5)ccc34)n2)c1
708,CN(C)CCCn1cc(C2=C(c3c[nH]c4ccccc34)C(=O)NC2=O)c2ccccc21
235,C=CC(=O)Nc1ccccc1Oc1nc(Nc2cnn(CCOC)c2)ncc1Cl
544,CC(C)n1cnc2c(NCc3ccccc3)nc(NCCCO)nc21
592,CCOCCn1cc(C(=O)Nc2ccc(-n3nc(-c4cccnc4)cc3C(F)(F)F)cn2)ccc1=O
647,Nc1ncnc2c1c(-c1ccc(Oc3ccccc3)cc1)cn2C1CCCC1
5,Cc1cc(Nc2nc(Sc3ccc(NC(=O)CN4C[C@H](N)C[C@H]4CO)cc3)nn3cccc23)n[nH]1
466,COc1cccc(-n2ncc3c(N/N=C/c4ccncc4)ncnc32)c1
466,CCn1c(-c2nonc2N)nc2c(N3CCCC3)nccc21
466,FC(F)(F)CNc1nccc(-c2cnn3ncccc23)n1
441,C=CCOC(=O)c1cc(-c2ccc(/C=C3/NC(=S)NC3=O)o2)ccc1Cl
560,COc1ccc2c(O[C@@H]3C[C@H]4C(=O)N[C@]5(C(=O)O)CC5/C=C\CCCCC[C@H](NC(=O)OC5CCCC5)C(=O)N4C3)cc(-c3csc(NC(=O)C(C)C)n3)nc2c1C
10,O=C(CC(=O)Nc1ccc2c(c1)NC(=O)/C2=C\c1ccc[nH]1)Nc1ccc(F)cc1
27,O=C(O)/C=C\C(=O)Nc1cccc(-c2n[nH]c3ccc(NS(=O)(=O)c4ccccc4)cc23)c1
465,N#Cc1c(NC(=O)c2ccc(F)c3ccccc23)sc2c1CCCC2
465,Nc1ccc(C#Cc2cncnc2Nc2ccc(OCc3cccc(F)c3)c(Cl)c2)cc1
456,CN1CCN(CCCNc2nc3ccc(Oc4ccc(NC(=O)Nc5cc(C(F)(F)F)ccc5F)cc4)cc3[nH]2)CC1.Cl
39,O=C(Cc1cccc(OCCCC2CCNCC2)c1)Nc1nc(-c2ccncc2)cs1
601,O=C(NS(=O)(=O)c1ccc(NCC2CCOCC2)c([N+](=O)[O-])c1)c1ccc(N2CCN(Cc3ccc(C(F)(F)F)cc3-c3ccc(Cl)cc3)CC2)cc1Oc1cnc2[nH]ccc2c1
518,Cn1nc(C(=O)NCc2ccc(C(=O)O)cc2)cc1-c1ccc2[nH]ccc2c1
108,Nc1c(F)c(NCCNc2ccccn2)c2c3c1c(=O)c(C(=O)O)cn3C1(CCCC1)CO2
229,O[C@H]1CC[C@H](Nc2nccc(-c3n[nH]c4ccccc34)n2)CC1
529,Cn1nc(C(F)(F)F)cc1-c1cnc(N2CCc3cc(S(=O)(=O)Nc4c(F)cc(Cl)cc4F)cc(N4CCCC4=O)c32)nc1
470,CC(C)N1C(=O)C(NCCCN(C)C)=C(c2cn(C)c3ccccc23)C1=O.Cl
5,Cc1cc(Nc2nc(Sc3ccc(NC(=O)CN4CC(F)(F)C[C@H]4CO)cc3)nn3cccc23)n[nH]1
517,O=C1NC(c2ccccn2)Sc2ccccc21
761,C[C@@H](Oc1cc(-n2cnc3ccc(CN4CCN(C)CC4)cc32)sc1C(N)=O)c1ccccc1C(F)(F)F
717,COc1ccc(F)c(F)c1C(=O)c1cnc(NC2CCN(S(C)(=O)=O)CC2)nc1N
2355,Cc1nc(Nc2ncc(C(=O)Nc3c(C)cccc3Cl)s2)cc(N2CCN(CCO)CC2)n1
268,CC(C)n1nc(-c2ccc3ncccc3c2)c2c(N)ncnc21
459,CN1CCC(C(=O)Nc2n[nH]c3nc(-c4ccc(O)cc4)c(Br)cc23)CC1.O=C(O)/C=C\C(=O)O
475,NS(=O)(=O)c1ccc(N/N=C2\C(=O)Nc3ccc4ncccc4c32)cc1
456,COc1c(Cl)cc2c([nH]c3cnccc32)c1NC(=O)c1cccnc1C
469,OCCn1cc(-c2ccc3c(c2)CC/C3=N\O)c(-c2ccncc2)n1
475,CCCCc1c(-c2ccc(OC)cc2)[nH]c2nccnc12
318,COc1cc(O)c2c(c1)/C=C/C[C@H](O)[C@H](O)C(=O)/C=C\C[C@H](C)OC2=O
294,CC(C)(O)C1CCN(Cc2ccc3nc(-c4c(F)ccc5[nH]ccc45)nc(N4CCOCC4)c3n2)CC1
486,CCN(CC)C(=O)c1ccc(Nc2nc(OCC3CCCCC3)c3nc[nH]c3n2)cc1
342,COC[C@H]1OC(=O)c2coc3c2[C@@]1(C)C1=C(C3=O)[C@@H]2CCC(=O)[C@@]2(C)C[C@H]1OC(C)=O
467,Fc1ccc(-c2ncn(C3CCNCC3)c2-c2ccnc(Oc3ccc(Cl)cc3)n2)cc1
497,O=C(Nc1n[nH]c2nc(-c3ccc(O)cc3)c(Br)cc12)C1CC1
466,Cc1ccc2c(-c3ccnc(Nc4ccccc4)n3)c(-c3ccc(F)cc3)nn2n1
470,Cc1ccc(NC(=O)c2ccoc2)cc1-c1ccc(C(=O)NCC2CC2)cc1
470,COc1cc(Nc2nccc(-c3cnn4ncccc34)n2)cc(OC)c1
32,O=C1Nc2ccccc2/C1=C1/Nc2ccccc2/C1=N\OCC(O)CO
466,COc1c(C(N)=O)cc(-c2ccc(Cl)cc2)cc1-c1ccc(S(N)(=O)=O)cc1
475,O=c1cc(N2CCNCC2)oc2c(-c3ccccc3)cccc12
512,Cc1cc(C)c(CNc2nc(Cl)nc3c2ncn3C2CCCC2)c(=O)[nH]1
72,O=C(Nc1cc(C(F)(F)F)ccc1F)Nc1ccc(Oc2ccnc3[nH]c(=O)[nH]c23)c2ccccc12
489,CO[C@H]1/C=C/C=C(\C)C(=O)NC2=CC(=O)C=C(C2=O)[C@H](OC)[C@@H](C)C[C@H](OC)[C@H](OC)[C@@H](C)/C=C(\C)[C@@H]1OC(N)=O
105,Nc1c(F)c(NCCCc2ccccc2)c(F)c2c1c(=O)c(C(=O)O)cn2C1CC1
466,CCc1cccc(NC(=O)Nc2ccc(Oc3ccc4nc(NC(=O)OC)[nH]c4c3)cc2)c1
7,CC(=O)O/N=C1\C(c2c(O)[nH]c3ccccc23)=Nc2ccccc21
533,CC(=O)c1c(NS(C)(=O)=O)c2cc(-c3ccc(Cl)cc3)c(-c3ccc(Cl)cc3Cl)nc2n(C)c1=O
234,CC(C)n1nc(-c2ccc(Br)c(O)c2)c2c(N)ncnc21
532,Cc1nc(N2CC[C@@H](O)C2)ncc1-c1cc(C(F)(F)F)cc2[nH]ncc12
461,Cl.N#Cc1cccc(Nc2ncc(-c3ccccc3)o2)c1
242,C=CC(=O)Nc1ccccc1Nc1nc(Nc2ccc(N3CCN(C)CC3)cc2)ncc1Cl
1348,N#C/C(=C1/Nc2ccccc2S1)c1ccnc(NCCc2cccnc2)n1
534,CO[C@@H](C)c1c(Nc2ccc([C@H](N(C)C(=O)C3CCS(=O)(=O)CC3)C(F)(F)F)cc2)cnc2cc(Cl)nn12
206,Cc1ccc(C(=O)Nc2cccc(C(C)(C)C)c2)cc1-c1ccc(C(=O)NCC2CC2)cc1
520,CCC(=N\O)/C(C)=C/c1ccc(F)c(C)c1
460,CCn1c(-c2nonc2N)nc2cncc(C(=O)N3CCNCC3)c21.Cl
466,Cc1nn(C)c2cc(N(C)c3ccnc(Nc4cccc(S(N)(=O)=O)c4)n3)ccc12.Cl
5,Cc1cc(Nc2nc(Sc3ccc(NC(=O)CN4C[C@H](O)[C@@H](Oc5cc(F)cc(F)c5)C4)cc3)nn3cccc23)n[nH]1
466,Fc1ccc(-c2nn3ncccc3c2-c2ccnc(Nc3ccc4c(c3)OCCO4)n2)cc1
559,O=c1c2ccccc2[nH]c(=S)n1CCN1CCC(=C(c2ccc(F)cc2)c2ccc(F)cc2)CC1
468,O=C1Nc2ccc(Cl)cc2/C1=C/c1cc(Cl)c(O)c(Cl)c1
462,CNC(=O)c1cncc(/C=C/c2c(C)cccc2C)c1
465,O=C(Nc1n[nH]c2cc(-c3cc(F)ccc3F)ccc12)C1CC1
945,O=C(NCCCNc1nc(Nc2cccc(NC(=O)N3CCCC3)c2)ncc1I)c1cccs1
459,Cl.NCc1ccc(-c2nc(-c3ccc(Cl)c(O)c3)c(-c3ccncc3)[nH]2)cc1
92,C[C@H]1CNCCN1S(=O)(=O)c1cccc2cnccc12
3706,CN[C@@H]1C[C@H]2O[C@@](C)([C@@H]1OC)n1c3ccccc3c3c4c(c5c6ccccc6n2c5c31)C(=O)NC4
466,NS(=O)(=O)c1ccc(-c2cc3ccncc3cc2OCc2ccccc2)cc1
459,COc1ccc2ncnc(Nc3ccc(OCc4ccccc4)cc3)c2c1.Cl
490,O=C1c2ccccc2-[n+]2ccc3c([nH]c4ccccc43)c21
458,Cl.[O-][S+]1CCN(Cc2ccc(-c3ccc4ncnc(Nc5ccc(OCc6ccccc6)c(F)c5)c4c3)o2)CC1
95,CNCc1ccc(-c2ncnc3[nH]cnc23)cc1
461,Cc1ccc(C(=O)NC2CC2)cc1-c1ccc2[nH]ncc2c1
526,Cc1cc(C)c(-n2ccn3nc(-c4cccnc4)cc23)cc1NC(=O)c1cc(C#N)cc(S(F)(F)(F)(F)F)c1
910,CN1CCN(c2cnc3c(C4CCN(C(=O)c5ccc(OC(F)(F)F)cc5N)CC4)ncnc3c2)CC1
2353,C[S+]([O-])c1ccc(-c2nc(-c3ccc(F)cc3)c(-c3ccncc3)[nH]2)cc1
574,COc1cc2c(cc1OC)-c1n[nH]c(Nc3cccc(F)c3)c1C2
581,Nc1nc(Nc2ccc(S(N)(=O)=O)cc2)nn1C(=S)Nc1c(F)cccc1F
461,COc1cc(/C=N/Nc2ncnc3c2cnn3C(C)C)ccc1O
465,Nc1nccc(C#Cc2cncnc2Nc2ccc(OCc3cccc(F)c3)c(Cl)c2)n1
10,COc1ccc(NC(=O)CC(=O)Nc2ccc3c(c2)NC(=O)/C3=C\c2[nH]c(C)c(C(=O)NCCN3CCCC3)c2C)cc1
7,O=C1C(c2c(O)[nH]c3c(Cl)cccc23)=Nc2ccccc21
117,CCc1cc(NC(=O)Nc2ccc(-c3cnc(Nc4cc(N5CCN(CC)CC5)nc(C)n4)s3)cc2)no1
460,CS(=O)(=O)CCNCc1ccc(-c2ccc3ncnc(Nc4ccc(OCc5ccccc5)c(Br)c4)c3c2)o1.Cl
5,Cc1cc(Nc2nc(Sc3ccc(NC(=O)CN4CC(=NO)[C@@H](OC(C)(C)C)C4)cc3)nn3cccc23)n[nH]1
558,NC(=O)c1ccc2[nH]c(-c3ccc(Oc4ccc(Cl)cc4)cc3)nc2c1
410,CO[C@@H]1[C@H](N(C)C(=O)c2ccccc2)C[C@H]2O[C@]1(C)n1c3ccccc3c3c4c(c5c6ccccc6n2c5c31)C(=O)N[C@H]4O
467,NC(=O)c1cccc(Nc2nccc(Nc3cccc4[nH]ncc34)n2)c1
461,COc1cccc(/C=N/Nc2ncnc3c2cnn3-c2cccc(OC)c2)c1
405,CS(=O)(=O)c1ccc(-n2nc(-c3cnc4[nH]ccc4c3)c3c(N)ncnc32)cc1
458,Cl.NS(=O)(=O)c1cccc(Nc2cc(-c3ccc(F)cc3)n[nH]2)c1
94,NCCc1ccc(-c2ncnc3[nH]cnc23)cc1
459,COc1cc(/C=N/Nc2ncnc3[nH]ncc23)ccc1O
460,CCCNc1cccc(-n2ncc3c(N/N=C/c4ccncc4)ncnc32)c1
990,NC(=O)c1cccc(-c2cc(Nc3ccc(OC(F)(F)F)cc3)ncn2)c1
5,Cc1cc(Nc2nc(Sc3ccc(NC(=O)CN4C[C@H](Oc5ccc(F)cc5)C[C@H]4CO)cc3)nn3cccc23)n[nH]1
519,CO[C@@H](C)c1c(Nc2ccc([C@@H](N(C)C(=O)C3CCS(=O)(=O)CC3)C(F)(F)F)cc2)cnc2cc(Cl)nn12
546,CCCOc1ccc([C@@H]2[C@@H](C(=O)O)[C@H](c3ccc4c(c3)OCO4)CN2CC(=O)Nc2c(CC)cccc2CC)cc1
484,CCC(=O)Nc1ccc(C(=O)Nc2ccc(Nc3ncc4c(n3)N(C)c3ccc(C)cc3C(=O)N4C)cc2)cc1
465,COc1cccc(-n2ncc3c(N/N=C/c4ccc(F)cc4)ncnc32)c1
3,CC(=O)O/N=C1C(=C2\C(=O)Nc3c(Cl)cccc32)\Nc2ccccc2\1
478,N/C(=N\[N+](=O)[O-])N/N=C\c1ccc(-c2cccc([N+](=O)[O-])c2)o1
9,Cc1cc(Nc2nc(Sc3ccc(NC(=O)C4CC4)cc3)nn3cc(NC(=O)C(=O)N4CCN(C)CC4)cc23)n[nH]1
461,Cc1cc(O)cc(C)c1/C=C/c1cncc(C(=O)N(C)C)c1
218,N#Cc1c(NC(=O)c2ccccc2)sc2c1CCCC2
312,CC1(C)OCc2c(Nc3n[nH]c4ccccc34)nc(-c3cn[nH]c3)nc21
9,Cc1cc(Nc2nc(Sc3ccc(NC(=O)CN4C[C@H](O)[C@@H](OC(C)(C)C)C4)cc3)nn3cccc23)n[nH]1
473,CCn1c(-c2nonc2N)nc2cnc(Oc3cccc(NC(=O)c4ccc(N(C)C)cc4)c3)cc21
458,CN(C)CCNC(=O)Nc1ccc(N(C)c2ccnc(Nc3ccc(CS(C)(=O)=O)cc3)n2)cc1.Cl
476,N#Cc1cccc(Nc2nccc(-c3cnn4ncccc34)n2)c1
514,O=C(N[C@H]1CCCCC/C=C\C2C[C@@]2(C(=O)O)NC(=O)[C@@H]2C[C@@H](Oc3ccncc3)CN2C1=O)OC1CCCC1
468,CC1=C(C(=O)N2CCN(C)CC2)C(C)=C(/C=C2\C(=O)Nc3ccc(S(=O)(=O)N(C)c4cccc(Cl)c4)cc32)C1
107,CC(C)[C@@H]1COc2c(NCCNc3ccccn3)c(F)c(N)c3c(=O)c(C(=O)O)cn1c23
320,O[C@H]1CC[C@H](Nc2nccc(-n3ncc4ccccc43)n2)CC1
571,O=C1NC(=O)c2c1c1c3ccccc3[nH]c1n1cncc21
480,CCS(=O)(=O)c1ccc(OC)c(Nc2ncc(-c3cccc(-c4ccccc4F)c3)o2)c1
462,CCC(=O)Nc1ccc(C)c(-c2ccc(C(=O)NCC3CC3)cc2)c1
645,CN(C)c1ccc(/C=C2\C(=O)Nc3ccccc32)cc1
1395,Cc1[nH]c(/C=C2\C(=O)Nc3ccc(S(=O)(=O)Cc4c(Cl)cccc4Cl)cc32)c(C)c1C(=O)N1CCC[C@@H]1CN1CCCC1
148,Cc1cncc2cccc(S(=O)(=O)N3CCCNC[C@@H]3C)c12
63,CN1CCN(c2ccc(NC(=O)c3ccc4c(c3)/C(=C3/Nc5ccccc5C3=O)C(=O)N4)cc2)CC1
495,COc1cc2ncnc(N3CCN(C(=O)Nc4ccc(Oc5ccccc5)cc4)CC3)c2cc1OC
3,CO/N=C1C(=C2\C(=O)Nc3c(I)cccc32)\Nc2ccccc2\1
531,CC(=O)C1=C(C)N(c2cccc(C(F)(F)F)c2)C(=O)N[C@@H]1c1ccc(C#N)nc1
834,O=Nc1c(-c2c(O)[nH]c3ccccc23)[nH]c2ccccc12
464,CCS(=O)(=O)c1ccc(OC)c(Nc2ncc(-c3cccc(F)c3)o2)c1
86,CC(=O)O.O=C(O)c1ccc2c3c1cccc3c(=O)n1c3ccccc3nc21
106,O=Cc1c[nH]c2c1ccc1c3ccccc3[nH]c12
528,CC(C)CC(=O)N1CCc2nc(-c3ccc(Br)cc3)nc(N(C)Cc3ccccc3)c2C1
465,NC(=O)c1sc(-n2cnc3cc(C(F)(F)F)ccc32)cc1OCc1ccccc1Br
464,C[C@@H](Oc1cc(-n2cnc3ccc(OCC4CCN(C)CC4)cc32)sc1C(N)=O)c1ccccc1Cl
233,O=C1Nc2ccccc2/C1=C/c1ccc[nH]1
95,NCC1CCN(c2ncnc3[nH]ccc23)CC1
94,Cc1ccc(S(=O)(=O)n2c(N)nc3ccccc32)cc1
459,Cc1c2ccc(N(C)c3ccnc(Nc4cccc(S(N)(=O)=O)c4)n3)cc2nn1C.Cl
7,O=C1C(c2c(O)[nH]c3c(I)cccc23)=Nc2ccccc21
172,CN1CCN(c2ccc(-c3cnc4[nH]c5cnc(C#N)cc5c4c3)cc2)CC1
768,COc1cc2c(Oc3ccc(-c4nc5ccccc5s4)cc3F)ncnc2cc1OCCCN1CCN(C)CC1
469,COc1ccc2cc(-c3c(-c4ccncc4)nc(-c4ccc([S+](C)[O-])cc4)n3C)ccc2c1
466,CCCN1CCCC(c2ccc(Nc3nc(Nc4cc(F)ccc4C(N)=O)c4cc[nH]c4n3)c(OC)c2)C1
472,c1cnn2ncc(-c3ccnc(Nc4ccc5c(c4)OCCO5)n3)c2c1
423,C[C@@H](c1ccccc1)n1nnc2cnc3ccc(-c4cnc5[nH]ccc5c4)cc3c21
473,CC1=C(C(=O)Nc2ccc3[nH]nc(C)c3c2)C(c2ccc(C(F)(F)F)cc2)CC(=O)N1
460,CCCN(CCS(C)(=O)=O)Cc1ccc(-c2ccc3ncnc(Nc4ccc(OCc5cccc(F)c5)c(Cl)c4)c3c2)o1.Cl
28,CCc1ccc(/N=C2\S/C(=C\c3ccnc(Nc4ccc(C(=O)O)cn4)c3)C(=O)N2C)cc1
21,Cn1cc(-c2cc3[nH]nc(-c4cccc(S(N)(=O)=O)c4)c3cc2NC2CCCCC2)cn1
461,COc1cc2ncn(-c3cc(OCc4ccccc4C(F)(F)F)c(C(=O)N(C)C)s3)c2cc1OC
469,CCn1c(-c2nonc2N)nc2ccccc21
83,CN1CCN(CCO/N=C2C(=C3/C(=O)Nc4ccccc43)/Nc3ccccc3/2)CC1.Cl
107,Nc1c(F)c(NCCNc2ccccn2)c(F)c2c1c(=O)c(C(=O)O)cn2C1CCCC1
485,COc1cc2ncnc(Nc3ccc(O)c(Br)c3)c2cc1OC
1075,CN(C)C(=O)Cn1cc(-c2nc([C@@](C)(c3ccc(-c4cnc(N)nc4)cc3)C3CC3)no2)cn1
590,Cc1ccc(S(=O)(=O)/C=C/C#N)cc1
5,Cc1cc(Nc2nc(Sc3ccc(NC(=O)CN4CCOCC4)cc3)nn3cccc23)n[nH]1
517,CN(C)c1ncnc(-c2ccc3nc(Nc4cc(CN5CCN(C(=O)CC(F)(F)F)CC5)ccn4)[nH]c3c2)c1Cl
5,Cc1cc(Nc2nc(Sc3ccc(NC(=O)CN4C[C@H](O)[C@@H](Oc5cccc(F)c5)C4)cc3)nn3cccc23)n[nH]1
545,CSc1nc(-c2ccc(F)cc2)c(-c2ccnc(NC(C)c3ccccc3)c2)[nH]1
475,COc1cc(OC)c(Cl)c(N2Cc3cnc(Nc4ccc(F)cc4)nc3N(C3CCN(C(=O)/C=C/CN(C)C)CC3)C2=O)c1Cl
173,NC1(Cc2ccc(Cl)cc2)CCN(c2ncnc3[nH]ccc23)CC1
463,NS(=O)(=O)c1ccc(Nc2cc(-c3ccc(O)c(F)c3)n[nH]2)cc1
215,O=C(Nc1n[nH]c2nc(-c3cccc(O)c3)ccc12)C1CC1
465,CS(=O)(=O)Nc1cccc(-c2ccc3c(NC(=O)C4CC4)n[nH]c3c2)c1
464,FC(F)(F)c1ccc(-c2nn3ncccc3c2-c2ccnc(Nc3ccc4c(c3)OCCO4)n2)cc1
463,CNC(=O)c1ncccc1Nc1nc(Nc2cc3c(cc2OC)CCCN3C(=O)CN(C)C)nc2[nH]ccc12
713,COc1cc2c(Nc3ccc(NC(=O)c4ccccc4)cc3)ncnc2cc1OCCCN1CCOCC1
518,CN(c1ccnc(CNc2nc(Nc3ccc4c(c3)CC(=O)N4)ncc2C(F)(F)F)n1)S(C)(=O)=O
468,N#C/C(=C(/N)SC1C=CC=CC1)c1cccc(C(O)c2ccncc2)c1
482,NCCNc1ncc(C(N)=O)c(Nc2cccc(C(F)(F)F)c2)n1
466,COc1cccc(-n2ncc3c(N/N=C/c4ccc(S(C)(=O)=O)cc4)ncnc32)c1
466,CCS(=O)(=O)c1ccc(OC)c(Nc2ncc(-c3ccccc3Cl)o2)c1
603,CCS(=O)(=O)c1cc2cc(C[C@](O)(CC(C)(C)c3ccc(F)cc3C(N)=O)C(F)(F)F)[nH]c2cn1
600,Cn1cc(C=C2C(=O)Nc3cccnc32)c2ccccc21
602,CNC(=O)Nc1ccc2c(c1)[C@@]1(CC2)OC(=O)N(CC(=O)N(Cc2ccc(F)cc2)[C@@H](C)C(F)(F)F)C1=O
464,Fc1ccc(-c2ncn(C3CCNCC3)c2-c2ccnc(Oc3cccc(C(F)(F)F)c3)n2)cc1
522,FC(F)(F)c1ccc2c(c1)nc(-c1cccnc1)n2C1CC1
486,O=C(NCCCC1CCCCC1)c1ccc(CNC(=O)c2cnn(-c3ccccc3)c2C(F)(F)F)cc1
501,Cc1n[nH]c2ccc(-c3cncc(OC[C@@H](N)Cc4ccccc4)c3)cc12
463,c1ccc(-c2n[nH]cc2-c2ccnc(-c3ccc(OCCN4CCOCC4)cc3)c2)nc1
538,O=C1Nc2ccccc2/C1=C\c1c(Cl)[nH]c2ccccc12
407,Cn1c(=O)c(S(=O)(=O)c2ccc(F)cc2F)cc2cnc(Nc3ccc4[nH]ccc4c3)nc21
463,COc1ccc(C2=C(N3CCc4ccccc43)C(=O)NC2=O)cc1
98,COCCN1CCc2cc(Nc3ncc(Cl)c(N[C@@H]4CCCC[C@H]4NS(C)(=O)=O)n3)c(OC)cc2CC1
243,COc1ccc(-c2nn(C3CCC3)c3ncnc(N)c23)cc1OC
463,Cc1nc(-c2ccccc2)n2nc(NCCCN3CCOCC3)ncc12
72,CSc1cc(Oc2ccnc3[nH]c(=O)[nH]c23)ccc1NC(=O)Nc1cccc(C(F)(F)F)c1
464,CN1CCC(n2cnc(-c3ccc(F)cc3)c2-c2ccnc(NCCO)n2)CC1
482,COc1ccc(-c2cnc3c(-c4ccsc4)cnn3c2)cc1
460,Cl.O=S(=O)(CCNCc1ccc(-c2ccc3ncnc(Nc4ccc(OCc5cccc(F)c5)c(Cl)c4)c3c2)o1)c1ccccc1
463,Cc1ccc(NC(=O)c2ccnc(N3CCCC3)c2)cc1-c1ccc(C(=O)NCC2CC2)cc1
460,COc1cccc(-n2ncc3c(N/N=C/c4ccc(C)cc4)ncnc32)c1
768,COc1cc2c(Oc3ccc(-c4nc5ccccc5s4)cc3)ncnc2cc1OCCCN1CCN(C)CC1
465,COc1ccc2ncn(-c3cc(O[C@H](C)c4ccccc4C(F)(F)F)c(C(N)=O)s3)c2c1
470,CC(C)=Cc1cccc2c1/C(=N/Nc1ccc(S(N)(=O)=O)cc1)C(=O)N2
404,CN1CCN(c2ccc(-c3cnc4c(c3)N(Cc3cc(F)ccc3F)CCN4)cn2)CC1
545,O=C1NC(=O)c2c1c1c3ccccc3n3c1c1c2c2ccccc2n1C1CCC3O1
463,CN(C)CCOc1ccc(-c2cc(-c3ccc4c(c3)CCC4=NO)c(-c3ccncc3)o2)cc1.Cl
130,COc1ccc(-c2nc3cc(-c4csc(C(=O)NCC(C)(C)C)c4)cnc3[nH]2)cc1
462,CCS(=O)(=O)c1ccc(OC)c(Nc2ncc(-c3cccc(C(C)=O)c3)o2)c1
89,CNC(=O)c1cccc(F)c1Nc1nc(Nc2ccc3c(c2)NC(=O)[C@H](NC(=O)N2CCCC2)CC3(C)C)ncc1Cl
644,O=C(NCc1ncc(C(F)(F)F)cc1Cl)c1ccc2c(c1)C1(CCS(=O)(=O)CC1)[C@H](C1CC1)N2S(=O)(=O)c1ccc(F)cc1
462,COc1cc2ncn(-c3cc(O[C@@H](C)c4ccccc4Cl)c(C(N)=O)s3)c2cc1OC
516,Cn1cc(Cl)c2c(Oc3c(F)cc(Nc4cc(Cl)nc(N)n4)cc3F)ccnc21
471,CN1CCC(C(=O)Nc2n[nH]c3nc(-c4ccc(O)cc4)c(Br)cc23)CC1
462,COc1ccccc1-c1cc(/C=C2\C(=O)Nc3ncc(Br)cc32)cc(Br)c1O
577,COc1cc(-c2cn(C3CCc4c(F)cccc4N(CC(F)(F)F)C3=O)nn2)ccc1-n1cnc(C)c1
973,Cc1c[nH]c2nccc(Oc3c(F)cc(Nc4cc(Cl)nc(N)n4)cc3F)c12
470,CCCN1CCC(c2ccc(Nc3nc(Nc4cc(F)ccc4C(N)=O)c4cc[nH]c4n3)c(OC)c2)CC1
522,Cc1ccc(-c2cnc([C@@]3(O)CC[C@H](C(=O)O)C(C)(C)C3)s2)cc1Nc1cccc(C(F)(F)F)n1
633,CN1N=C(N)c2cn([C@@H]3O[C@H](CO)[C@@H](O)[C@H]3O)c3ncnc1c23
40,O=C(O)[C@]1(Cc2cccc(Nc3nccs3)n2)CC[C@@H](Oc2cccc(Cl)c2F)CC1
466,Cc1cccc(Nc2ncc(-c3ccccc3)o2)c1
486,COc1ccc2cc(-c3c(-c4ccncc4)nc(-c4ccc([S+](C)[O-])cc4C)n3C)ccc2c1
559,COc1cccc(CNC(=O)c2nc3scc(COCc4ccc(C(=O)O)cc4)c3c(=O)[nH]2)c1
468,CS(=O)(=O)Nc1ccc(-c2ccc3c(NC(=O)C4CC4)n[nH]c3c2)cc1
7,O=Nc1c(-c2c(O)[nH]c3c(F)cccc23)[nH]c2ccccc12
460,CCn1c(-c2nonc2N)nc2cncc(C(=O)N3CC[C@H](N)C3)c21.Cl
250,O=C(O)c1ccc(-c2cnc3c(c2)N(Cc2cc(Cl)ccc2C(F)(F)F)CCN3)cc1
505,CN(C)C(=O)c1cc2cnc(Nc3ccc(NC(=O)CCCCCCCN=C=S)cc3)nc2n1C1CCCC1
468,COc1cc2ncn(-c3cc(OCc4ccccc4Cl)c(C(N)=O)s3)c2cc1OC
299,Cc1ccc(-c2nn(C(C)(C)C)c3ncnc(N)c23)cc1
769,O=C(Nc1cccnc1)c1cc(-c2ccnc(F)c2)ccc1OCc1ccccc1
466,CN1CCC(n2cnc(-c3ccc(F)cc3)c2-c2ccnc(Nc3ccccc3)n2)CC1
479,O=C(c1cc2cc(O)ccc2[nH]1)c1cc2cc(O)ccc2[nH]1
464,CCc1nn2ncccc2c1-c1ccnc(NC2CC2)n1
5,Cc1cc(Nc2nc(Sc3ccc(NC(=O)CN(C)C)cc3)nn3cccc23)n[nH]1
465,Cc1ccc(C(=O)NC2CCCCC2)cc1-c1ccc(C(=O)NCC2CC2)cc1
459,COC(=O)Nc1nc2cc(Oc3cccc(NC(=O)Nc4cc(C(F)(F)F)ccc4F)c3)ccc2[nH]1.Cl
34,COc1ccc(/C=N/Nc2[nH]nc(C)c2C(=O)Nc2cccc(NC(C)=O)c2)cc1
460,COc1cccc(-n2ncc3c(N/N=C/c4ccc(C(=O)NCCN(C)C)cc4)ncnc32)c1.Cl
464,COC(=O)c1ccc2c(c1)C(=Cc1cc(Br)c(O)c(Br)c1)C(=O)N2
459,COC(=O)Nc1nc2cc(Oc3ccc(NC(=O)Nc4ccccc4)cc3)ccc2[nH]1.Cl
699,NC(=O)Nc1sc(-c2ccc(F)cc2)cc1C(N)=O
467,CCn1c(-c2nonc2N)nc2c(C#CC(C)(C)O)ncc(OCC3CCNCC3)c21.O=C(O)C(F)(F)F
404,CC(=O)N1CCN(c2cc(-c3cnc4c(c3)N(Cc3cc(Cl)ccc3C(F)(F)F)CCN4)ccn2)CC1
36,Cc1cc(Nc2nc(Sc3ccc(NC(=O)CN4CC[C@@H](C(=O)N5CCC(F)(F)C5)C4)cc3)nn3cccc23)n[nH]1
709,c1ccc(-c2n[nH]cc2-c2ccnc3ccccc23)nc1
30,COc1cc(-c2cnc3c(N4C[C@H](C)O[C@H](C)C4)snc3c2)ccc1N
553,COc1ccc(S(=O)(=O)N(CCO)c2ccccc2CN(C)C/C=C/c2ccc(Cl)cc2)cc1
617,CCCCN(CCCC)C(=O)CN1C[C@H](c2cc(OC)c3c(c2)OCO3)[C@@H](C(=O)O)[C@@H]1CC(C)(C)CCC
465,NC(=O)c1ccc(Oc2nccc(-c3c(-c4ccc(F)cc4)ncn3C3CCNCC3)n2)cc1
578,CC(C)N(CCC(=O)c1ccc2ccccc2c1)Cc1ccccc1
18,CN(C)c1ccc(-c2nc3c(N4CCN(CC(=O)Nc5nccs5)CC4)c(Cl)cnc3[nH]2)cc1
457,COC(=O)Nc1nc2ccc(Sc3ccc(NC(=O)Nc4cc(C(F)(F)F)ccc4F)cc3)cc2[nH]1.O=S(=O)(O)O
75,Cc1cc(-c2cc(NC(=O)c3ccc(CN4CCN(C)CC4)cc3)[nH]n2)ccc1NC(=O)Nc1cc(C(C)(C)C)on1
557,COc1ccc(Cl)cc1NC(=O)Nc1cc(C)nc2ccccc12
913,CN1CCN(Cc2ccc(-c3cc4ncnc(Nc5ccc(OCc6cccc(F)c6)c(Cl)c5)c4s3)o2)CC1
7,O=Nc1c(-c2c(O)[nH]c3c(I)cccc23)[nH]c2ccccc12
7,CO/N=C1\C(c2c(O)[nH]c3ccccc23)=Nc2ccccc21
620,CCOC(=O)c1cc2cc(-c3cc(C(=O)NCc4ccc(C(=O)O)cc4)nn3C)ccc2[nH]1
459,COc1cc2ncnc(Nc3ccc4c(cnn4Cc4ccccc4)c3)c2cc1OC.Cl
465,CC1=C(C(=O)Nc2ccc3[nH]ncc3c2)C(c2ccc(F)cc2)N=C(c2ccc(C(F)(F)F)nc2)N1
969,COc1cc(Nc2ncc(F)c(Nc3ccc4c(n3)NC(=O)C(C)(C)O4)n2)cc(OC)c1OC
100,c1ccc(CC2CCNC3(CCN(c4ncnc5[nH]cnc45)CC3)C2)cc1
685,COc1cc2ncnc(Nc3cccc(Cl)c3)c2cc1OC
517,Cc1c(NC(=O)c2cc(C(N)=O)nc3cc(F)ccc23)c(C(F)(F)F)nn1Cc1ccc(C(C)(C)C)cc1
474,CN(C)C(=O)O[C@H]1CN[C@H](C#Cc2cc3ncnc(Nc4ccc(OCc5cccc(F)c5)c(Cl)c4)c3s2)C1
468,C#Cc1cccc(Nc2ncnc3ccc(OCCCCNCCS(C)(=O)=O)cc23)c1
459,Cl.[O-][S+]1CCN(Cc2ccc(-c3ccc4ncnc(Nc5ccc(OCc6ccccc6)c(Cl)c5)c4c3)o2)CC1
213,N#CC(=C(/N)Sc1ccccc1N)/C(C#N)=C(\N)Sc1ccccc1N
81,CCCCc1cc(-c2c[nH]c3ncccc23)nc(N)n1
466,NS(=O)(=O)c1ccc(Nc2cc(-c3cccc(O)c3)n[nH]2)cc1
520,O=c1nc(-c2ccccn2)sc2ccccc12
462,COc1cc(C=NNc2ncnc3c2cnn3Cc2ccccc2)ccc1O
606,COc1ccc2c(c1)O[C@H](c1ccc(OC)c(OC)c1)C[C@@H]2NC(=O)C1(c2ccc3c(c2)OC(F)(F)O3)CC1
521,NC(=O)c1ccc(-c2nc(-c3ccccn3)c(-c3ccc4c(c3)OCO4)[nH]2)cc1
570,Cc1ccc(NC2=CC(=O)c3sc(C)nc3C2=O)cc1
463,NC(=O)CCc1ccccc1Oc1nccc(-c2c(-c3ccc(F)cc3)ncn2C2CCNCC2)n1
469,Cc1ccc2c(c1)/C(=N/Nc1ccc(S(N)(=O)=O)cc1)C(=O)N2
463,CN(C)C(=O)O[C@@H]1CN[C@@H](C#Cc2cc3ncnc(Nc4ccc(OCc5cccc(F)c5)c(Cl)c4)c3s2)C1
467,Nc1nc(-c2ccccn2)c(-c2ccc3ncccc3n2)s1
5,Cc1cc(Nc2nc(Sc3ccc(NC(=O)C4CC4)cc3)nn3cc(NC(=O)CN4CCCC4)cc23)n[nH]1
489,Fc1ccc(-c2nn3ccccc3c2-c2ccncc2)cc1
463,COc1cc(C=NNc2ncnc3c2cnn3-c2ccccc2)ccc1O
468,COc1cc2nccc(Oc3ccc(NC(=S)NC(=O)c4ccccc4C)cc3)c2cc1OC
204,Cc1ccc(NC(=O)c2cccc(N3CCCCC3)c2)cc1-c1ccc(C(=O)NCC2CC2)cc1
662,O=C(Nc1cnc(Oc2ccc(F)cc2)nc1)N1CCc2ncccc2[C@@H]1c1ccc(F)cc1
261,CN1CCN(c2ccc(Nc3nc(N)c(C(=O)c4ccc5c(c4)OCCO5)s3)cc2)CC1
466,O=C1NC(=O)C(c2ccccc2Cl)=C1Nc1cc(Cl)c(O)c(Cl)c1
540,CCn1cnc2c(Nc3cccc(Cl)c3)nc(N[C@@H]3CCCC[C@@H]3N)nc21
100,c1ccc(C2CCNC3(CCN(c4ncnc5[nH]cnc45)CC3)C2)cc1
470,Cc1nc(-c2ccccc2)c(-c2ccncc2)o1
45,CNC(=O)c1cccc(F)c1Nc1nc(Nc2ccc3c(c2)NC(=O)[C@@H](NC(=O)N2CCCC2)CC3(C)C)ncc1Cl
191,Cc1ccc(NC(=O)c2cccc(N(C)C)c2)cc1NC(=O)c1ccc(O)cc1
41,Cc1nccc(Nc2cc(NC3CCN(c4ccc(C#N)cc4)CC3)c(C(N)=O)cn2)n1
5,Cc1cc(Nc2nc(Sc3ccc(NC(=O)CNC4CC4)cc3)nn3cccc23)n[nH]1
134,N[C@H]1CC[C@H](Nc2nccc(-n3nnc4ccccc43)n2)CC1
466,Cc1ccc2c(-c3ccnc(Nc4ccc5c(c4)OCCO5)n3)c(-c3ccc(C(F)(F)F)cc3)nn2n1
97,NCC1CN(c2ncnc3[nH]cnc23)CCO1
466,CCN(CC)S(=O)(=O)c1ccc(OC)c(Nc2ncc(-c3ccccc3)o2)c1
731,O=S(=O)(NCCNC/C=C/c1ccc(Br)cc1)c1cccc2cnccc12
503,CC[C@H](Nc1nc(N)nc(C)c1C#N)c1nc2cccc(NCc3ccc(C(=O)NO)cc3)c2c(=O)n1-c1ccccc1
362,O=C1Nc2ncccc2/C1=C1/Nc2ncccc2C1=O
467,CCn1c(-c2nonc2N)nc2c(C#CC(C)(C)O)nc(OC[C@H](N)c3ccccc3)cc21
464,CN(C)c1ccc2c(c1)/C(=C/Nc1ccc(S(N)(=O)=O)cc1)C(=O)N2
689,COCCOc1nc(-c2ccc(Cl)nc2)nc2c1CN(C(=O)c1ncn3ccccc13)CC2
466,O=C1NC(=O)C(c2ccccc2Cl)=C1Nc1cccc(O)c1
208,CC(=O)c1c(-c2ccncc2)[nH]c(-c2ccncc2)c1C
955,O=C1Cc2c([nH]c3ccc(Br)cc23)-c2ccccc2N1
465,NS(=O)(=O)c1ccc(N/N=C2\C(=O)Nc3ccc(C(=O)NCCCn4ccnc4)cc32)cc1
460,COC(=O)Nc1nc2cc(Oc3ccc(NC(=O)Nc4cccc(C(=O)O)c4)cc3)ccc2[nH]1.Cl
474,Cn1cc(/C=C2\C(=O)Nc3ccc(S(N)(=O)=O)cc32)c2ccccc21
1060,CCCS(=O)(=O)Nc1ccc(F)c(C(=O)c2c[nH]c3ncc(Cl)cc23)c1F
490,O=C1NC(=O)/C(=C/c2ccc3c(c2)OC(F)(F)O3)S1
468,Nc1nccc(-c2c(-c3ccc(F)cc3)ncn2CCCN2CCOCC2)n1
465,COc1ccc(-c2nn3ncccc3c2-c2ccnc(Nc3cccc(C(F)(F)F)c3)n2)cc1
465,COc1cc2ncn(-c3cc(OCc4cccs4)c(C(N)=O)s3)c2cc1OC
9,Cc1cc(Nc2nc(Sc3ccc(NC(=O)CN4C[C@H](OC(C)(C)C)C[C@H]4CO)cc3)nn3cccc23)n[nH]1
286,Cn1cc(-c2ccc(Cc3n[nH]c4ccc(C(=O)N5CC[C@@H](O)C5)cc34)cc2)cn1
528,COc1cc(-c2cn(C3CCc4ccccc4N(CC(F)(F)F)C3=O)nn2)ccc1-n1ccc(C)n1
557,Oc1ccc(Nc2nc(-c3ccc(Cl)cc3)cs2)cc1
461,O=C1NC(=O)C(c2ccc(Cl)cc2)=C1Nc1ccc(Cl)c(C(=O)O)c1
110,C[C@H]1COc2c(NCCNc3ccccn3)c(F)c(N)c3c(=O)c(C(=O)O)cn1c23
481,COc1ccc2c(c1)c(C1=C(c3c[nH]c4ccccc34)C(=O)NC1=O)cn2CCCN(C)C
464,CCn1cc(-c2ccnc3[nH]ccc23)c(-c2cccc(NC(=O)Nc3ccc(OCc4ccccc4)cc3)c2)n1
600,CS(=O)(=O)c1cc(C2(NC(=O)c3cncc4c3cnn4-c3ccc(F)cc3)CC2)ccn1
318,CNC(=O)c1ccc2[nH]nc(Cc3ccc4c(cnn4C)c3)c2c1
479,CC#CC(=O)Nc1cc2c(Nc3ccc(F)c(Cl)c3)ncnc2cn1
464,Nc1nccc(-c2c(-c3ccc(F)cc3)ncn2C2CCC(O)CC2)n1
460,CN(C)CCCNc1nccc(-c2c(-c3ccc(F)cc3)nn3cc(C(F)(F)F)ccc23)n1.CS(=O)(=O)O
185,COc1ccc2c3c([nH]c2c1)C(C)=NCC3
485,CN1CCN(c2ccc(Nc3nccc(-c4cnn5ncccc45)n3)cc2C(F)(F)F)CC1
1707,Oc1cccc(-c2nc(N3CCOCC3)c3oc4ncccc4c3n2)c1
470,CC(C)c1ccc(Nc2nccc(-c3cnn4ncccc34)n2)cc1
76,COc1cc(Nc2ncc(Cl)c(-c3cccc(CC#N)c3)n2)ccc1N1CCN(C)CC1
468,CCn1c(-c2nonc2N)nc2c(C#CC(C)(C)O)ncc(OC3CCNCC3)c21.O=C(O)C(F)(F)F
36,Cc1cccc(-n2nc(C(C)(C)C)cc2NC(=O)Nc2ccc(Nc3ncnc4ccc(N)cc34)cc2)c1
460,Cl.c1ccc(Oc2ccc(Nc3ncc(-c4ccccc4)o3)cc2)cc1
462,O=C1Nc2ccccc2/C1=C/Nc1ccc(-n2cncn2)cc1
483,O=C(O[C@H]1CN[C@H](C#Cc2cc3ncnc(Nc4ccc(OCc5cccc(F)c5)c(Cl)c4)c3s2)C1)N1CCOCC1
464,C[C@@H](Oc1cc(-n2cnc3ccc(OCC4CCN(C)CC4)cc32)sc1C(N)=O)c1ccccc1C(F)(F)F
466,CCCN1CCC=C(c2ccc(Nc3nc(Nc4ccccc4C(N)=O)c4cc[nH]c4n3)c(C)c2)C1
521,CC(=O)N1CCC(c2ccc(C(=O)NC3=NCCN3)cc2C(F)(F)F)CC1
525,O=S(=O)(NC1CCC(c2cc(F)ccc2F)(S(=O)(=O)c2ccc(Cl)cc2)CC1)C(F)(F)F
468,Cc1ccc(O)cc1Nc1ccnc2cc(-c3ccccn3)ccc12.Cl
464,Cc1cccc2c1NC(=O)/C2=N\Nc1ccc(S(N)(=O)=O)cc1
676,Cn1c2ccccc2c2c3c(c4c5ccccc5n(CCC#N)c4c21)CNC3=O
468,Fc1ccc(-c2ncn(C3CCNCC3)c2-c2ccnc(Oc3ccccc3)n2)cc1
918,Cl.Nc1nccc(-c2c(-c3ccc(F)cc3)ncn2C2CCNCC2)n1
616,O=[N+]([O-])c1ccc(-c2nc(-c3ccc(F)cc3)c(-c3ccncc3)[nH]2)cc1
464,Cc1ccc(-c2cc3c(NC(=O)C4CC4)ncnc3o2)cc1
359,CC(C)(C)c1cc(NC(=O)Nc2ccc(Oc3ccncc3)cc2)no1
658,COc1ccc2cc(OCC3(C(=O)O)CN(C(=O)c4ccc(F)cc4)C3)ccc2c1
145,CS(=O)(=O)Nc1cccc(CC(=O)Nc2nc(-c3c[nH]c4ncccc34)cs2)c1
608,CCC(=N\O)/C(C)=C/c1ccc(F)cc1
16,Cc1cc(Nc2nc(Sc3ccc(NC(=O)CN4C[C@H](O)[C@@H](Oc5ccc(F)cc5)C4)cc3)nn3cccc23)n[nH]1
3,CO/N=C1C(=C2\C(=O)Nc3c(Br)cccc32)\Nc2ccccc2\1
472,CN(C)c1cc2c(Nc3ccc4nc(Cc5ccccc5)[nH]c4c3)ncnc2cn1
494,C=CC(=O)Nc1ccccc1Nc1nc(Nc2ccc(N3CCN(C)CC3)cc2)ncc1C(=O)Nc1c(C)cccc1Cl
408,C(=C/c1ccccc1)\C[N+]12CN3CN(CN(C3)C1)C2.[Cl-]
96,NCC1CN(c2ncnc3[nH]c4cnccc4c23)CCO1
464,COc1cc2ncn(-c3cc(OCc4ccccc4C(F)(F)F)c(C(C)=O)s3)c2cc1OC
464,C[C@@H](Oc1cc(-n2cnc3ccc(OC[C@@H](O)CO)cc32)sc1C(N)=O)c1ccccc1Cl
476,COc1cc2ncnc(Nc3ccc(OCc4ccccc4)cc3)c2cc1OC
468,Oc1n[nH]c2nnc(-c3c(-c4ccccc4)nn4ccccc34)cc12
458,Cc1cc(O)cc(C)c1/C=C/c1cncc(-c2nn[nH]n2)c1.Cl
473,NS(=O)(=O)c1ccc(N/N=C2\C(=O)Nc3ccc(Cl)cc32)cc1
1010,C[C@H]1CN(c2cc(-c3n[nH]c4ccc(OC5(C)CC5)cc34)ncn2)C[C@@H](C)O1
1021,Oc1c2ccccc2c2c3c(cccc13)N=N2
466,COc1ccc(-c2cc3c(N)ncnc3o2)cc1
530,Cc1c(C(=O)O)cc(-c2ccc(C3CCNCC3)cc2)c2ccc(-c3ccc(C(F)(F)F)cc3)cc12
465,C/C(Nc1ccc(S(N)(=O)=O)cc1)=C1/C(=O)Nc2ccccc21
522,CC[n+]1c(/C=C/N(C)c2ccccc2)n(-c2ccccc2)c2ccc(-c3nc4ccccc4s3)cc21
461,Fc1ccc(Nc2nccc(-c3c(-c4ccc(C(F)(F)F)cc4)nn4ncccc34)n2)cc1F
465,Fc1cccc(COc2ccc(Nc3ncncc3C#Cc3ccccc3)cc2Cl)c1
537,COc1cc2ncnc(Nc3ccc(NC(=O)c4ccccc4)cc3)c2cc1OC
425,CC(=O)Nc1cn2nc(-c3cnc(Cl)c(NS(=O)(=O)c4ccc(F)cc4)c3)ccc2n1
471,COc1cc2c(cc1Nc1nc(Nc3ccsc3C(N)=O)c3cc[nH]c3n1)N(C(=O)CN(C)C)CCC2(C)C
35,Cc1cc(Nc2nc(Sc3ccc(NC(=O)CN4CC[C@@H](C(=O)NC5CCCC5)C4)cc3)nn3cccc23)n[nH]1
469,CC(C)COC(=O)c1ccc2c(c1)/C(=C/Nc1ccc(S(N)(=O)=O)cc1)C(=O)N2
28,COc1ccc(C2CC(c3ccc4ccccc4c3O)=NN2C(=S)Nc2cccc(OC)c2)cc1
464,CNC(=O)c1c(F)cccc1Nc1nc(Nc2cc3c(cc2OC)CCN3C(=O)CN(C)C)nc2[nH]ccc12
471,Cc1ccc(NC(=O)c2ccnc(N3CCOCC3)c2)cc1-c1ccc(C(=O)NCC2CC2)cc1
516,Cc1nc(Cc2cccc(C(F)(F)F)c2)sc1-c1ccc(C(N)=O)nc1
458,O=C([O-])c1ccc(Oc2nccc(-c3c(-c4ccc(F)cc4)ncn3C3CCNCC3)n2)cc1.[Li+]
468,Fc1cccc(COc2ccc(Nc3ncnc4sc(-c5cccs5)cc34)cc2Cl)c1
583,C[C@H](NC(=O)c1cnc2n1[C@](C)(Cc1ccc(C#N)cc1)C(=O)N2c1cc(Cl)c(F)c(Cl)c1)C(=O)NC1(c2ccccn2)CC1
515,N#Cc1ccc(Nc2ccc3[nH]c(=O)[nH]c3c2)c(Cl)c1
471,Clc1ccc(CNc2nccc(-c3cnn4ncccc34)n2)cc1
12,O=Nc1c(-c2c(O)[nH]c3c(Cl)cccc23)[nH]c2ccccc12
553,COc1cc2ncnc(Nc3ccc(Oc4ccccc4)cc3)c2cc1OC
551,Cc1c(Oc2c(F)cccc2F)c(OC(C)C)nn1-c1ncc(C2CC2)cc1F
460,CCN1CCC(CC(=O)Nc2n[nH]c3nc(-c4cccs4)c(Br)cc23)CC1.O=C(O)C(O)C(O)C(=O)O
3,CO/N=C1C(=C2\C(=O)Nc3c(F)cccc32)\Nc2ccccc2\1
465,COc1ccc(-c2ccc3c(NC(=O)C4CC4)n[nH]c3n2)cc1
616,CC(C)n1cnc2/c(=N/c3cccc(Cl)c3)nc(NCCO)[nH]c21
472,O=C1NC(=O)C(c2cn(CCCO)c3ncccc23)=C1c1cnccn1
459,CCn1c(-c2nonc2N)nc2c(C#CC(C)(C)O)nc(OCCNC)cc21.Cl
469,CSc1cccnc1N1CCN(Cc2nc3ccccc3[nH]2)CC1
475,COc1cc(Nc2ncc3c(C)nc(-c4cccc(C(F)(F)F)c4)n3n2)cc(OC)c1OC
368,CN[C@@H]1C[C@H]2O[C@@](C)([C@@H]1OC)n1c3ccccc3c3c4c(c5c6ccccc6n2c5c31)C(=O)N[C@H]4O
615,CC(C)(O)c1cncc(-c2nc3ccc(F)cc3n2C2CC2)c1
434,CN(C)c1ccc(C(=O)Nc2cccc(NC(=O)COc3ccc4c(=O)ccoc4c3)c2)cc1
45,CCNC(=O)NCc1ccccc1-c1cc(-c2cnc(NC(C)C)s2)nc(NCCN(C)C)n1
463,NS(=O)(=O)c1ccc(Nc2ncc(-c3ccccc3)o2)cc1
463,Cl.Nc1nc(-c2ccc3c(c2)C(=Cc2cc(Br)c(O)c(Br)c2)C(=O)N3)cs1
5,Cc1cc(Nc2nc(Sc3ccc(NC(=O)CN4C[C@H](O)C[C@H]4CO)cc3)nn3cccc23)n[nH]1
464,CN1CCC(n2cnc(-c3ccc(F)cc3)c2-c2ccnc(N)n2)CC1
562,C[C@H](c1ccnc(Nc2nc3ccc(-c4cc(N(C)C)ncn4)cc3[nH]2)c1)N1CCN(C(=O)CC(F)(F)F)CC1
486,CSc1cccc(Nc2ncc3cc(-c4c(Cl)cccc4Cl)c(=O)n(C)c3n2)c1
1364,O=c1cc(N2CCOCC2)oc2c(-c3ccccc3)cccc12
3,CO/N=C1C(=C2\C(=O)Nc3c(Cl)cccc32)\Nc2ccccc2\1
603,Nc1ncnc2[nH]nc(Nc3ccc(F)cc3)c12
468,CC(=O)O/N=C1C(=C2\C(=O)Nc3cc(Br)ccc32)\Nc2ccccc2\1
608,CCCOc1ccc([C@H]2[C@H](C(=O)O)[C@@H](c3ccc4c(c3)OCO4)CN2CC(=O)Nc2c(CC)cccc2CC)cc1
51,CCN1C(=O)CCC(C)(C)c2ccc(Nc3ncc(Cl)c(Nc4c(F)cccc4C(=O)NC)n3)cc21
466,O=C1NC(=O)C(c2cccc(Cl)c2)=C1Nc1ccc(O)c(Cl)c1
467,CS(=O)(=O)Nc1ccc(-c2cc(-c3ccccc3)cc(C(N)=O)c2N)cc1
626,O=C1NC(=O)C(c2c[nH]c3ccccc23)=C1c1c[nH]c2ccccc12
986,COc1cc2ncn(-c3cc(OCc4ccccc4C(F)(F)F)c(C(N)=O)s3)c2cc1OC
477,NC(=O)c1cc(-c2ccncc2)cc(-c2ccccc2)c1N
460,Cl.O=C(O[C@H]1CN[C@H](C#Cc2cc3ncnc(Nc4ccc5c(cnn5Cc5ccccc5)c4)c3s2)C1)N1CCOCC1
466,O=C1NC(=O)C(c2cccc([N+](=O)[O-])c2)=C1Nc1cc(Cl)c(O)c(Cl)c1
464,CCN(CC)Cc1ccc(Nc2nccc(-c3cnn4ncccc34)n2)cc1
463,COc1cccc(COc2cc(-n3cnc4ccccc43)sc2C(N)=O)c1
97,CCCCCCOC(=O)[C@@]1(O)C[C@H]2O[C@]1(C)n1c3ccccc3c3c4c(c5c6ccccc6n2c5c31)C(=O)NC4
26,Cc1cc(CN2CCN(c3c(Br)cnc4[nH]c(N5CCN(C)CC5)nc34)CC2)no1
466,CNC(=O)c1cc(-c2ccc(F)cc2)cc(-c2ccc(S(=O)(=O)N3CCCC3)cc2)c1N
465,CNC(=O)c1sc(-n2cnc3cc(OC)c(OC)cc32)cc1OCc1ccccc1C(F)(F)F
466,NS(=O)(=O)c1ccc(N/N=C2\C(=O)Nc3ccc(C(=O)NCc4ccncc4)cc32)cc1
459,Cl.NC(=O)c1ccc(-c2nc(-c3ccccn3)c(-c3ccc4c(c3)OCO4)[nH]2)cc1
253,O=C(c1ccc(-c2cnc3c(c2)N(Cc2cc(Cl)ccc2C(F)(F)F)CCN3)cc1)N1CCCCC1
462,NS(=O)(=O)c1ccc(N/C=C2\C(=O)Nc3ccc4ncsc4c32)cc1
1124,Cn1c(Nc2ccc(C(F)(F)F)cc2)nc2cc(Oc3ccnc(-c4ncc(C(F)(F)F)[nH]4)c3)ccc21
3690,CCN(CC)CCNC(=O)c1c(C)[nH]c(/C=C2\C(=O)Nc3ccc(F)cc32)c1C
465,O=C1NC(=O)C(c2cccc(Cl)c2)=C1Nc1ccc(Cl)c(C(=O)O)c1
477,Nc1ccc2ncnc(NCCc3ccc(Oc4ccccc4)cc3)c2c1
467,CC(C)(CO)CNC(=O)c1ccc2c(c1)/C(=N/Nc1ccc(S(N)(=O)=O)cc1)C(=O)N2
1768,C[C@]12O[C@H](C[C@]1(O)CO)n1c3ccccc3c3c4c(c5c6ccccc6n2c5c31)CNC4=O
1355,Cc1ccc(F)c(NC(=O)Nc2ccc(-c3cccc4[nH]nc(N)c34)cc2)c1
761,Cn1cc(C2=C(c3cn(C4CCN(Cc5ccccn5)CC4)c4ccccc34)C(=O)NC2=O)c2ccccc21
4236,Cc1ccc(NC(=O)c2ccc(CN3CCN(C)CC3)cc2)cc1Nc1nccc(-c2cccnc2)n1
2285,CS(=O)(=O)CCNCc1ccc(-c2ccc3ncnc(Nc4ccc(OCc5cccc(F)c5)c(Cl)c4)c3c2)o1
1554,Clc1ccc(Nc2nnc(Cc3ccncc3)c3ccccc23)cc1
549,Cc1cc(Nc2nc(-c3ccccc3)nc3ccccc23)n[nH]1
472,Oc1c(-c2ccc(F)cc2)c(-c2ccncc2)nn1-c1ccc(Cl)cc1
487,Cc1ccc(O)cc1Nc1ccnc2ccc(S(C)(=O)=O)cc12
462,CNC(=O)c1cncc(/C=C/c2c(Cl)cccc2Cl)c1
5,Cc1cc(Nc2nc(Sc3ccc(NC(=O)CN4C[C@H]5C[C@H]5[C@H]4CO)cc3)nn3cccc23)n[nH]1
991,Nc1nc(Nc2ccc(S(N)(=O)=O)cc2)nn1C(=O)c1c(F)cccc1F
129,C[C@H](CN(C)C)Oc1nc(Nc2cc3cccc(Cl)c3cn2)cnc1C#N
589,CN(C)c1cc2c(Nc3ccc4c(cnn4Cc4ccccc4)c3)ncnc2cn1
465,COc1ccccc1Oc1nccc(-c2c(-c3ccc(F)cc3)ncn2C2CCNCC2)n1
518,C[C@H](NC(=O)Nc1cc2[nH]ncc2c(CO)n1)c1ccccn1
196,COc1cc(OC)c(C=C2C(=O)Nc3ccccc32)c(OC)c1
467,N#Cc1c(NC(=O)c2ccccc2F)sc2c1CCCC2
130,COc1ccc(-c2nc3cc(-c4csc(C(=O)NCCC(C)C)c4)cnc3[nH]2)cc1
461,COC(=O)c1cncc(/C=C/c2c(C)cc(O)cc2C)c1
469,FC(F)(F)c1cccc(-c2nn3ncccc3c2-c2ccnc(Nc3ccc4c(c3)OCCO4)n2)c1
91,COc1cccc(C(=O)Nc2nc3cc4c(cc3[nH]2)OC(F)(F)O4)c1
530,Cc1cc(Nc2nccc(C)n2)cc(-c2cnc([C@@]3(O)CC[C@H](C(=O)O)C(C)(C)C3)s2)c1
5,Cc1cc(Nc2nc(Sc3ccc(NC(=O)C4CC4)cc3)nn3cc(NC(=O)CN4CCC[C@@H]4CO)cc23)n[nH]1
5,Cc1cc(Nc2nc(Sc3ccc(NC(=O)CN4C[C@H](O)[C@@H](Oc5ccccc5F)C4)cc3)nn3cccc23)n[nH]1
468,Cc1cncc2cccc(S(=O)(=O)N3CCCN(C(=O)CN)C[C@H]3C)c12
479,CN1CCN(c2ccc(-c3cnc4c(c3)N(Cc3cc(Cl)ccc3C(F)(F)F)CCN4)cn2)CC1
466,COc1ccc(-c2nn3ncccc3c2-c2ccnc(Nc3ccc4c(c3)OCCO4)n2)cc1
460,COC(=O)Nc1nc2cc(Oc3ccc(NC(=O)Nc4cccc(Br)c4)cc3)ccc2[nH]1.Cl
94,O=C1/C(=C\c2ccc(O)c(O)c2)Oc2ccccc21
11,Cc1ccc2c(c1)NC(=O)/C2=C1\Nc2ccccc2\C1=N/O
5,Cc1cc(Nc2nc(Sc3ccc(NC(=O)CN4C[C@H](O)[C@@H](OC(C)C)C4)cc3)nn3cccc23)n[nH]1
445,CCN1CCN(Cc2ccc(NC(=O)c3ccc(C)c(C#Cc4cnc5[nH]ccc5c4)c3)cc2C(F)(F)F)CC1
502,Cc1cccc(-c2n[nH]cc2-c2ccc3ncccc3n2)n1
134,O=C([C@H]1CC[C@H](Nc2nccc(-n3nnc4ccccc43)n2)CC1)N1CCOCC1
591,CCCCc1c(-c2ccc(O)cc2)[nH]c2nccnc12
467,COc1cc(Nc2nccc(Nc3ccc4c(C)n[nH]c4c3)n2)cc(OC)c1OC
460,COc1cccc(-n2nc(C)c3c(N/N=C(\C)c4ccncc4)ncnc32)c1
459,O=C(O)C(F)(F)F.O=C(O[C@H]1CN[C@H](C#Cc2cc3ncnc(Nc4ccc5c(ccn5Cc5cc(F)ccc5F)c4)c3s2)C1)N1CCOCC1
472,CS(=O)(=O)N1CCCC(NC(=O)[C@H](CCC2CCCCC2)NC(=O)c2ccc(CNc3ncnc4c3nnn4-c3ccccc3)cc2)C1
598,CN([C@@H]1CCc2c(CC(=O)O)c3ccccc3n2C1)S(=O)(=O)c1ccc(F)cc1
641,O=C(N1CCS(=O)(=O)CC1)N1C[C@H](c2ccc(OC(F)(F)F)cc2)C[C@H](c2nc(C3CC3)no2)C1
463,O=S(=O)(CCOCc1ccc(-c2ccc3ncnc(Nc4ccc(OCc5cccc(F)c5)c(Cl)c4)c3c2)o1)c1ccccc1
505,O=C(Nc1nc2ccccc2n1CCN1CCOCC1)c1cccc([N+](=O)[O-])c1
477,O=C1Nc2ccccc2/C1=C1/Nc2ccccc2/C1=N\OCCC(O)CO
520,COc1ccc(C=C(C#N)C#N)cc1
779,COc1cccc(-c2cc(=O)c3ccccc3o2)c1N
463,COc1ccc(-c2coc3ncnc(N)c23)cc1
462,COc1cc(N2CCN(C(C)C)CC2)ccc1Nc1nc(Nc2ccc(F)cc2C(=O)NC[C@@H](O)CO)c2cc[nH]c2n1
356,COCCNC(=O)c1ccc2c(c1)nc(-c1cnc(-c3ccc(Cl)cc3)[nH]1)n2CCOC
478,N#Cc1c(NC(=O)c2cccc3ccccc23)sc2c1CCCN2C(=O)C1CC1
428,COc1ccc(N2C(=O)COc3ccc(-c4cnc(OC)c(NS(=O)(=O)c5ccc(F)cc5)c4)cc32)cc1
459,Cl.c1ccc(-c2nc3n(c2-c2ccc4c(c2)OCO4)CCC3)nc1
500,CCC(=O)Nc1ccc2ncnc(Nc3cccc(Br)c3)c2c1
467,c1ccc(-c2n[nH]cc2-c2ccnc(-c3ccc(OCCn4ccnc4)cc3)c2)nc1
467,Fc1ccc(Oc2nccc(-c3c(-c4ccc(F)cc4)ncn3C3CCNCC3)n2)cc1
1258,CCOc1nc(NC(=O)Cc2cc(OC)ccc2OC)cc(N)c1C#N
460,CNC(=O)Oc1cc(C)c(/C=C/c2cncc(C(=O)NC)c2)c(C)c1
1297,C=CC(=O)Nc1cc2c(Nc3ccc(F)c(Cl)c3)ncnc2cc1OCCCN1CCOCC1
518,Cc1cccc(S(=O)(=O)Nc2cc(-c3sc(NC(=O)[C@@H](N)C(C)C)nc3C)cnc2Cl)c1
193,Nc1nccc(-c2c[nH]c3ncccc23)n1
1357,O=c1[nH]c2ccccc2n1C1CCN(Cc2ccc(-c3nc4cc5[nH]cnc5cc4nc3-c3ccccc3)cc2)CC1
466,Fc1cccc(COc2ccc(Nc3ncnc4sc(-c5ccco5)cc34)cc2Cl)c1
105,CC(C)c1onc(-c2ccc(F)cc2)c1-c1ccncc1
460,Cc1cc(Cl)cc2c1NC(=O)C2=NNc1ccc(S(N)(=O)=O)cc1
5,Cc1cc(Nc2nc(Sc3ccc(NC(=O)CNC4CCCC4)cc3)nn3cccc23)n[nH]1
460,CCn1c(-c2nonc2N)nc2c(C#CC(C)(C)O)nc(O[C@@H](CN)c3ccccc3)cc21.O=C(O)C(F)(F)F
463,CN(C)CCCn1c(-c2nonc2N)nc2cnccc21
460,COc1cc2ncnc(Nc3ccc(C)c(O)c3)c2cc1OC.Cl
576,c1ccc(N2CCN(Cc3nc4ccccc4[nH]3)CC2)nc1
467,COc1cc(C)c(NC(=O)CN(C)C)cc1Nc1nc(Nc2cccc(F)c2C(N)=O)c2cc[nH]c2n1
443,CC(C)Nc1sc(C(=O)c2ccc(Cl)s2)c(N)c1C#N
553,c1ccc(-c2n[nH]c3c2oc2ccccc23)cc1
671,CC(C)(C)n1nc(Cc2cccc3ccccc23)c2c(N)ncnc21
470,Fc1ccc(-c2c(-c3ccncc3)nc3n2CCS3)cc1
465,COC(=O)c1sc(-n2cnc3cc(OC)c(OC)cc32)cc1OCc1ccccc1C(F)(F)F
473,O=C1c2ccccc2-c2nc3nnnn3nc21
515,Nc1cnc(N2CCc3cc(S(=O)(=O)Nc4c(F)cc(Cl)cc4F)cc(N4CCCC4=O)c32)nc1
515,O=C(c1ccc(OCCC2CCOCC2)cc1)[C@@H]1CC[C@H](Cn2nnc3ccccc3c2=O)[C@H]1C(=O)O
460,Cc1cc(-c2ccccn2)cc(C)c1/C=C/c1cncc(-c2nn[nH]n2)c1.Cl
7,O=C1C(c2c(O)[nH]c3c(F)cccc23)=Nc2ccccc21
458,CCn1c(-c2nonc2N)nc2cnc(Oc3cccc(NC(=O)c4ccc(OCCN5CCOCC5)cc4)c3)cc21.Cl
205,NC(=O)c1ccc(-c2cc(C(N)=O)c(N)c(-c3ccc(S(N)(=O)=O)cc3)c2)cc1
471,Cc1cc(O)cc(C)c1/C=C/c1cncc(C(N)=O)c1
659,CC(C)[C@H](CO)Nc1nc(Nc2cccc(Cl)c2)c2ncn(C(C)C)c2n1
461,COc1ccccc1C1=C(Nc2ccccc2)C(=O)NC1=O
1954,COc1ccc(COc2ccc(Cc3cnc(N)nc3N)cc2OC)cc1
67,COc1ccc(C(=O)NC(=O)Nc2ccc3c(c2)NC(=O)/C3=C\c2[nH]c(C)c(C(=O)NCCN3CCCC3)c2C)c(F)c1
550,Ic1cccc(CSc2nnc(-c3ccncc3)o2)c1
110,O=C(Nc1cc(Cl)cc2c1[nH]c1cnccc12)c1cccnc1
741,c1cc(-c2cnn3cc(-c4ccc(OCCN5CCCCC5)cc4)cnc23)ccn1
522,CNc1cc2c(Nc3cccc(Br)c3)ncnc2cn1
460,COC(=O)Nc1nc2ccc(Oc3ccc(NC(=O)Nc4cc(C(F)(F)F)ccc4F)cc3)cc2s1.Cl
531,CCCCN(CCCC)C(=O)CN1C[C@@H](c2cc(OC)c3c(c2)OCO3)[C@H](C(=O)O)[C@H]1CC(C)(C)CCC
464,COc1cc2ncn(-c3cc(OCCc4ccccc4)c(C(N)=O)s3)c2cc1OC
476,Cc1nc2cc3nc(-c4cccs4)cnc3cc2n1C
10,COc1ccc(NC(=O)CC(=O)Nc2ccc3c(c2)NC(=O)/C3=C\c2[nH]c(C)c(C(=O)O)c2C)cc1
471,CCCN1CCC(Oc2cc(Nc3nc(Nc4cccc(F)c4C(N)=O)c4cc[nH]c4n3)c(OC)cc2Cl)CC1
461,COc1ccccc1Nc1ncc(-c2ccccc2)o1.Cl
507,Nc1c(C(=O)NCc2ccc(C(=O)NCCCC3CCCCC3)cc2)cnn1-c1ccccc1
458,N#Cc1c(NC(=O)CN2CCOCC2)sc2c1CCCC2.O=C(O)C(=O)O
212,NC(=O)c1ccc(Nc2cc(-c3ccc(F)cc3)[nH]n2)cc1
463,CN1CCN(C(=O)c2ccc(NC(=O)Nc3ccc(N(C)c4ccnc(Nc5ccc(CS(C)(=O)=O)cc5)n4)cc3)cc2)CC1.Cl
463,COc1ccc2cc(-c3c(-c4ccncc4)nc(-c4ccc(S(C)(=O)=O)cc4C)n3C)ccc2c1
235,N#Cc1ccc(-c2cnc3[nH]cc(NC(=O)c4cccnc4)c3c2)cc1
499,COc1ccc(C(=O)Nc2sc3c(c2C(N)=O)CCCC3)cc1OC
467,Fc1ccc(-c2ncn(C3CCNCC3)c2-c2ccnc(Oc3ccc4c(c3)OCO4)n2)cc1
516,O=C(NC(NC(=S)Nc1ccc(F)c([N+](=O)[O-])c1)C(Cl)(Cl)Cl)C(c1ccccc1)c1ccccc1
470,Nc1nc(-c2ccc(F)cc2)c(-c2ccc3ncccc3n2)s1
70,CS(=O)(=O)O.Cc1oc2c(O)c3c(c(O)c2c1C(=O)N1CC[C@H](N)C1)C(=O)c1ccccc1C3=O
466,CCc1ccc(Oc2nccc(-c3c(-c4ccc(F)cc4)ncn3C3CCNCC3)n2)cc1
466,COc1cc(N2CCN(C(C)C)CC2)ccc1Nc1nc(Nc2cccc3ncccc23)c2cc[nH]c2n1
104,COC(=O)c1cnc(Nc2cnc(C#N)cn2)cc1NCC1CCNCC1
464,Fc1ccc(-c2ncn(C3CCNCC3)c2-c2ccnc(Oc3ccc(Oc4ccccc4)cc3)n2)cc1
461,COc1ccc(Nc2ncc(-c3ccccc3)o2)cc1OC.Cl
470,COc1ccc2c(-c3ccnc(Nc4cccc(OC(F)(F)F)c4)n3)cnn2n1
521,CC1=C(C#N)C(c2ccc3c(c2)c(NC(=O)c2ccccc2C)nn3C)C(C#N)=C(C)N1
469,Cn1nc2c3c(cccc31)C(=O)c1ccccc1-2
516,Cn1cncc1[C@@](O)(COc1ccc(C#N)cc1-c1ccc(OC(F)(F)F)cc1)c1ccc(C#N)cc1
460,CS(=O)(=O)CCNCc1ccc(-c2ccc3ncnc(Nc4ccc(OCc5ccccc5)c(C(F)(F)F)c4)c3c2)o1.Cl
571,CC(C)[C@H](CO)Nc1nc(Nc2cc(N)cc(Cl)c2)c2ncn(C(C)C)c2n1
224,COC(=O)Nc1cc(-c2c(C3CC3)n[nH]c2C)cc2[nH]ncc12
523,NS(=O)(=O)c1cc(NC(=O)C2(c3ccccc3Cl)CC2)ccc1Oc1cccc(Cl)c1
460,CS(=O)(=O)CCNCc1ccc(-c2ccc3ncnc(Nc4ccc(OCc5cccc(C(F)(F)F)c5)cc4)c3c2)o1.Cl
546,CCOC(=O)c1c(C)[nH]c(/C=C2\C(=O)Nc3ccccc32)c1C
976,Cc1c[nH]c(-c2cnc(NCCNc3ccc(C#N)cn3)nc2-c2ccc(Cl)cc2Cl)n1
460,Cl.O=C(Nc1ccc(Oc2ccc3[nH]c(NC(=O)c4ccccc4)nc3c2)cc1)Nc1cc(C(F)(F)F)ccc1F
72,CC(C)(C)c1cccc(NC(=O)Nc2ccc(Oc3ccnc4[nH]c(=O)[nH]c34)c3ccccc23)c1
476,COc1cccc(Nc2nccc(-c3cnn4ncccc34)n2)c1
539,Cc1cc(NC(=O)c2cccc(S(F)(F)(F)(F)F)c2)cc(-n2ccn3nc(-c4cccnc4)cc23)c1
95,NC1CCN(c2ncnc3[nH]ccc23)CC1
109,Clc1ccc(C2(c3ccc(-c4ncnc5[nH]cnc45)cc3)CCNCC2)cc1
283,CC(C)n1nc(C#Cc2cccc(NC(=O)c3cccc(C(F)(F)F)c3)c2)c2c(N)ncnc21
324,O[C@H]1CC[C@H](Nc2nccc(-n3nnc4ccccc43)n2)CC1
483,O=C(Nc1cccnc1)c1cc(C(=O)c2c(F)cccc2Br)c[nH]1
702,NC(=O)c1ccc(-c2nc(-c3ccc4c(c3)OCCO4)c(-c3ccccn3)[nH]2)cc1
467,NS(=O)(=O)c1ccc(N/N=C2\C(=O)Nc3ccc(C(=O)NCCc4c[nH]cn4)cc32)cc1
458,Cl.NS(=O)(=O)c1ccc(N/N=C2\C(=O)Nc3cccc(CCc4ccncc4)c32)cc1
458,CS(=O)(=O)CCNCc1ccc(-c2ccc3ncnc(Nc4ccc(OCc5ccccc5)cc4)c3c2)o1.Cl
36,Cc1cccc(-n2nc(C(C)(C)C)cc2NC(=O)Nc2cccc(Nc3ncnc4ccc(N)cc34)c2)c1
1530,COc1cc2c(Nc3ccc(Br)cc3F)ncnc2cc1OCC1CCN(C)CC1
1195,O=C(NOCC1CC1)c1ccc(F)c(F)c1Nc1ccc(I)cc1Cl
2221,COc1cc2c(N3CCN(C(=O)Nc4ccc(OC(C)C)cc4)CC3)ncnc2cc1OCCCN1CCCCC1
1082,COc1cc2c(Oc3ccc(NC(=O)C4(C(=O)Nc5ccc(F)cc5)CC4)cc3F)ccnc2cc1OCCCN1CCOCC1
1055,Cc1[nH]c(/C=C2\C(=O)Nc3ccc(F)cc32)c(C)c1C(=O)NC[C@H](O)CN1CCOCC1
1298,CN1CCN(c2ccc3nc(-c4c(N)c5c(F)cccc5[nH]c4=O)[nH]c3c2)CC1
143,CN1CCN(CCCOc2cccc(CC(=O)Nc3nc(-c4c[nH]c5ncccc45)cs3)c2)CC1
459,COC(=O)Nc1nc2ccc(S(=O)(=O)c3ccc(NC(=O)Nc4cc(C(F)(F)F)ccc4F)cc3)cc2[nH]1.Cl
550,C[C@@H](NC(=O)Nc1cc2[nH]ncc2c(CO)n1)c1ccccc1
460,Cl.c1ccc(Cc2nc3ccc(Nc4ncnc5ccccc45)cc3[nH]2)cc1
600,O=C(NC[C@H]1[C@@H]2CN(C(=O)OCc3cc(C(F)(F)F)cc(C(F)(F)F)c3)C[C@H]12)c1ccc2[nH]nnc2c1
476,CCCC(=O)Oc1ccc2[nH]c(C(=O)c3cc4ccccc4[nH]3)cc2c1
891,O=C1Cc2c([nH]c3ccc([N+](=O)[O-])cc23)-c2ccccc2N1
686,O=C1Nc2cc(Br)ccc2/C1=C1/Nc2ccccc2/C1=N\O
519,C[C@H]1CN(c2cc(-c3nn(C)c4ccc(OC5(C)CC5)cc34)ncn2)C[C@@H](C)O1
20,CC(=O)Nc1cccc(-c2n[nH]c3cc(-c4cnn(C)c4)c(NC4CCCCC4)cc23)c1
537,O=C(Nc1cccc(Nc2nccc(Nc3cccc(C(F)(F)F)c3)n2)c1)C1CC1
462,O=C1Nc2ccccc2/C1=C/Nc1ccc2[nH]c(=O)[nH]c2c1
331,CC[C@@H]1C(=O)N(C)c2cnc(-n3ccnc3-c3ccc(F)cc3)nc2N1c1ccn(C)n1
465,Cc1ccc(C(=O)NC(C)C)cc1-c1ccc(C(=O)NCC2CC2)cc1
470,Nc1ncnc2occ(-c3ccc(NC(=O)Nc4cc(C(F)(F)F)cc(C(F)(F)F)c4)cc3)c12
104,Nc1ncnc2ncn(CC(=O)c3c[nH]c4ccccc34)c12
119,CC1=NCCc2c1[nH]c1cc(O)ccc21
76,N#Cc1ccc(N2CC[C@@H](Nc3c(C(N)=O)cnc4[nH]ccc34)[C@@H](F)C2)nc1
467,CCn1c(-c2nonc2N)nc2c(C#CC(C)(C)O)nc(OC[C@@H](N)c3ccccc3)cc21
464,CC(C)c1ccc(-c2cc(-c3c[nH]nc3-c3ccccn3)ccn2)cc1
468,N#Cc1c(NC(=O)c2ccc(F)cc2)sc2c1CCCC2
510,Nc1ncnc2occ(-c3ccc(NC(=O)Nc4cc(C(F)(F)F)ccc4F)cc3)c12
377,CC(C)(C)C(=O)N1N=CC[C@H]1c1ccccc1
465,CS(=O)(=O)CCNCc1cc(-c2cc3c(Nc4ccc(OCc5cccc(F)c5)c(Cl)c4)ncnc3s2)cs1
1225,CCN(CCO)CCCOc1ccc2c(Nc3cc(CC(=O)Nc4cccc(F)c4)[nH]n3)ncnc2c1
473,CC1=C(C(=O)Nc2ccc3[nH]ncc3c2)C(c2ccc3ccccc3c2)CC(=O)N1
572,COc1cc(OC)c(/C=C2\C(=O)Nc3ccccc32)c(OC)c1
667,Nc1nccc(-c2c(-c3ccc(F)cc3)ncn2C2CCNCC2)n1
5,Cc1cc(Nc2nc(Sc3ccc(NC(=O)C4CC4)cc3)nn3cc(NC(=O)CN4CCOCC4)cc23)n[nH]1
636,NS(=O)(=O)c1cc(NC(=O)Cc2ccccc2)ccc1Oc1cccc(Cl)c1
541,CC(C)c1nn(-c2c(Cl)cccc2Cl)c2nc(Cc3ccc(OCCO)cc3)[nH]c(=O)c12
848,COc1cc2ncn(-c3cc(OCc4ccccc4S(C)(=O)=O)c(C#N)s3)c2cc1OC
445,CCN1CCN(Cc2ccc(NC(=O)c3ccc(C)c(C#Cc4cccnc4)c3)cc2C(F)(F)F)CC1
468,c1cc(-c2cnn3nc(N4CCOCC4)ccc23)nc(NC2CC2)n1
669,CC(C)CCN1c2nc(Nc3cc(F)c(O)c(F)c3)ncc2N(C)C(=O)C1C
5,Cc1cc(Nc2nc(Sc3ccc(NC(=O)CN4C[C@@H](F)C[C@H]4CO)cc3)nn3cccc23)n[nH]1
466,COc1cc(Nc2ncc(-c3ccccc3)o2)cc(OC)c1OC
66,COCCN1CCc2cc(Nc3ncc(Cl)c(N[C@@H]4CCCC[C@H]4N(C)S(C)(=O)=O)n3)c(OC)cc2CC1
30,O=Nc1c(-c2c(O)[nH]c3c(Br)cccc23)[nH]c2ccccc12
464,COc1ccc2ncn(-c3cc(O[C@H](C)c4ccccc4Cl)c(C(N)=O)s3)c2c1
461,CCc1cccc(CC)c1/C=C/c1cncc(C(=O)NC)c1
466,COc1ccc(-c2ccncc2)cc1C(N)=O
2671,Cc1cc(Nc2cc(N3CCN(C)CC3)nc(Sc3ccc(NC(=O)C4CC4)cc3)n2)n[nH]1
1545,COc1cc(Nc2c(C#N)cnc3cc(OCCCN4CCN(C)CC4)c(OC)cc23)c(Cl)cc1Cl
4482,CNC(=O)c1cc(Oc2ccc(NC(=O)Nc3ccc(Cl)c(C(F)(F)F)c3)cc2)ccn1
460,CCN1CCC(C(=O)Nc2n[nH]c3nnc(-c4cccc(F)c4F)cc23)CC1.Cl
463,Cc1nnc(-c2cccc(-c3ccc(C(=O)NCC4CC4)cc3)c2)o1
499,O=C(O)c1ccc2c3c1cccc3c(=O)n1c3ccccc3nc21
230,Cc1ccc(O)cc1Nc1ccnc(Nc2cccc(C(N)=O)c2)n1
826,Cn1cc(C2=C(c3ccc(Cl)cc3Cl)C(=O)NC2=O)c2ccccc21
486,O=C(Nc1cc(-c2cn(CCNc3c4c(nc5ccccc35)CCCC4)nn2)ccn1)Nc1cccc2c1C1CCCCN1C2=O
466,CNC(=O)c1cccc(C#Cc2cncnc2Nc2ccc(OCc3cccc(F)c3)c(Cl)c2)c1
221,Cn1cc(C2=C(c3cn(CCCSC(=N)N)c4ccccc34)C(=O)NC2=O)c2ccccc21
405,N=C1NC(=O)/C(=C\c2ccc(-c3cccc([N+](=O)[O-])c3)o2)S1
962,C[C@@H](N)[C@H]1CC[C@H](C(=O)Nc2ccncc2)CC1
486,C=CC(=O)Nc1ccc(C(=O)Nc2ccc(Nc3ncc4c(n3)N(C)c3ccc(C)cc3C(=O)N4C)cc2)cc1
459,CCN1CCC(CC(=O)Nc2n[nH]c3nnc(-c4cccc(F)c4F)cc23)CC1.O=C(O)C(O)C(O)C(=O)O
514,CCS(=O)(=O)c1cc2cc(C[C@@](O)(CC(C)(C)c3ccc(F)cc3C(N)=O)C(F)(F)F)[nH]c2cn1
467,COc1cc(C)c(N(C)C(=O)CN(C)C)cc1Nc1nc(Nc2cccc(F)c2C(N)=O)c2cc[nH]c2n1
475,O=C(c1ccccc1)c1ccc(N2CCOCC2)cc1O
805,COc1ccc(CNC(=O)Nc2ncc([N+](=O)[O-])s2)cc1
5,Cc1cc(Nc2nc(Sc3ccc(NC(=O)CN4C[C@H](O)[C@@H](OCC5CC5)C4)cc3)nn3cccc23)n[nH]1
466,Clc1ccc(-c2nn3ncccc3c2-c2ccnc(Nc3ccccc3)n2)cc1
558,CC(=O)Nc1c(C(C)=O)c(=O)n(C)c2nc(-c3ccc(Cl)cc3Cl)c(-c3ccc(Cl)cc3)cc12
10,O=C1Nc2cc(NC(=O)C3(C(=O)Nc4ccc(F)cc4)CC3)ccc2/C1=C/c1ccc[nH]1
37,CCOC(=O)c1[nH]cc2c1NC1=C(C(=O)CCC1)[C@H]2c1cccc(Oc2nc3ccccc3[nH]2)c1
505,COc1cc2ncc(-c3ccccc3)nc2cc1OC
766,CNC(=O)Nc1ccc2c(c1)CC[C@@]21OC(=O)N(CC(=O)N(Cc2ccc(F)cc2)[C@@H](C)C(F)(F)F)C1=O
462,NC(=O)c1ccc2c(-c3ccnc(NCCCO)n3)c(-c3ccc(F)cc3)nn2c1
635,CC(=O)N1CCC(c2ccc(C(=O)NC(=N)N)cc2C(F)(F)F)CC1
461,COc1cccc(-n2cnc3c(N/N=C/c4ccncc4)ncnc32)c1
496,Nc1ncnc2c1cnn2-c1ccccc1
460,Cc1cc(-c2ccco2)cc(C)c1/C=C/c1cncc(-c2nn[nH]n2)c1.Cl
463,NS(=O)(=O)c1cccc(N/C=C2\C(=O)Nc3ccccc32)c1
463,CS(=O)(=O)c1ccc(Oc2nccc(-c3c(-c4ccc(F)cc4)ncn3C3CCNCC3)n2)cc1
464,CC(=O)NCc1cccc(C#Cc2cncnc2Nc2ccc(OCc3cccc(F)c3)c(Cl)c2)c1
5,CCC(C)(C)O[C@H]1CN(CC(=O)Nc2ccc(Sc3nc(Nc4cc(C)[nH]n4)c4cccn4n3)cc2)C[C@@H]1O
459,CCn1c(-c2nonc2N)nc2c(C#CC(C)(C)O)ncc(OC[C@@H]3CCCN3)c21.O=C(O)C(F)(F)F
462,COc1cc(Oc2ccnc3cc(OC)c(OC)cc23)ccc1NC(=O)NC(C)c1nccs1
545,Nc1n[nH]c2nnc(-c3c(-c4ccccc4)nn4ccccc34)cc12
522,Cc1cccc(-c2[nH]c(C(C)(C)C)nc2-c2ccc3c(c2)OCO3)n1
475,CCNC(=O)O[C@H]1CN[C@H](C#Cc2cc3ncnc(Nc4ccc(OCc5cccc(F)c5)c(Cl)c4)c3s2)C1
463,COc1ccc(CNC(=O)c2ccc(-c3cc(-c4nnc(C)o4)ccc3C)cc2)cc1
470,CC(=O)Nc1cccc(C#Cc2cncnc2Nc2ccc(OCc3cccc(F)c3)c(Cl)c2)c1
905,CCc1ccccc1C(=O)Nc1n[nH]c2c(C)c(F)c(C3C(C#N)=C(C)N(C)C(C)=C3C#N)cc12
303,CNS(=O)(=O)c1ccc(N(C)C)c(Nc2ncnc3cc(OC)c(OC)cc23)c1
459,Cl.Fc1cccc(COc2ccc(Nc3ncnc4cc(-c5ccc[nH]5)sc34)cc2Cl)c1
490,O=C(CCCc1ccc(-c2ccccc2F)cc1)Nc1ccc(O)cc1
671,CC(=O)O[C@H]1[C@H](C)O[C@@H](Oc2c(-c3ccc(O)cc3)oc3cc(O)cc(O)c3c2=O)[C@H](O)[C@@H]1OC(C)=O
26,CC(=O)Nc1ccc(Sc2nc(Nc3cc(C)n[nH]3)c3ccccc3n2)cc1
465,CCOc1nccc2c1nc(-c1nonc1N)n2CC
464,Cc1nnc(-c2ccc(C)c(-c3ccc(C(=O)NCc4ccc(Cl)cc4)cc3)c2)o1
520,CC1=C(C#N)[C@@H](c2ccc3[nH]nc(C)c3c2)C(C#N)=C(c2ccc(Cl)cc2)N1
9,Cc1cc(Nc2nc(Sc3ccc(NC(=O)C4CC4)cc3)nn3cccc23)n[nH]1
415,CC(=O)c1c(O)c(C)c(O)c(Cc2c(O)c3c(c(C(=O)/C=C/c4ccccc4)c2O)OC(C)(C)C=C3)c1O
560,Cc1noc([C@H]2C[C@@H](c3ccc(C(F)(F)F)cc3)CN(C(=O)N3CCS(=O)(=O)C3)C2)n1
321,CC(C)(C)n1nc(-c2ccc(Cl)cc2)c2c(N)ncnc21
515,O=C(Nc1cccnn1)N1CC(CC=Cc2cncc(Oc3ccc(C(F)(F)F)cn3)n2)C1
459,CS(=O)(=O)CCNCc1nc(-c2ccc3ncnc(Nc4ccc(OCc5cccc(C(F)(F)F)c5)cc4)c3c2)cs1.Cl
721,N#C/C(=C\c1ccc(O)c(O)c1)C(=O)NCc1ccccc1
466,NC(=O)c1sc(-n2cnc3ccc(C(F)(F)F)cc32)cc1OCc1ccccc1Br
663,CC(C)(C)c1nc2c3ccc(F)cc3c3c(=O)[nH]ccc3c2[nH]1
248,CC(C)(C)n1nc(-c2cccc3ccccc23)c2c(N)ncnc21
74,c1nc2c(NC3CCCCC3)nc(Nc3ccc(N4CCOCC4)cc3)nc2[nH]1
516,C=CC(=O)Nc1cc(Nc2cc(-c3cccc(NC(=O)c4ccc(C(C)(C)C)cc4)c3C)cn(C)c2=O)ccc1C(=O)N1CCOCC1
459,CS(=O)(=O)CCNCc1ccoc1-c1ccc2ncnc(Nc3ccc(OCc4ccccc4)cc3)c2c1.Cl
87,NC(=O)c1sc(-c2ccsc2)cc1N
258,NC1(c2ccc(-c3cnc4c(-c5ccc(S(N)(=O)=O)c6ccccc56)cnn4c3)cc2)CCC1
607,COc1ccc2c(c1)O[C@@H](c1ccc(OC)c(OC)c1)C[C@H]2NC(=O)C1(c2ccc3c(c2)OC(F)(F)O3)CC1
468,CCn1c(-c2nonc2N)nc2cncc(C(=O)NCCNC)c21
768,CN(C)S(=O)(=O)c1ccc2c(c1)/C(=C/c1cc3c([nH]1)CCCC3)C(=O)N2
466,CCOc1ccc2c(-c3ccnc(Nc4cc(OC)cc(C(F)(F)F)c4)n3)cnn2n1
465,COc1cc2c(cc1Nc1nc(N3CCc4ccccc43)c3cc[nH]c3n1)N(C(=O)CN(C)C)CC2
24,CN(C)CCOc1ccc(-c2cc3c(NCCc4ccc(NC(=O)Nc5ccccc5)cc4)ncnc3o2)cc1
475,CC1=C(C(=O)Nc2ccc3[nH]ncc3c2)C(c2ccc(Cl)c(Cl)c2)CC(=O)N1
130,COc1ccc(-c2nc3cc(-c4csc(C(=O)NCC(C)C)c4)cnc3[nH]2)cc1
469,Fc1ccc(-c2ncn(CCCN3CCOCC3)c2-c2ccncc2)cc1
5,Cc1cc(Nc2nc(Sc3ccc(NC(=O)CN4C[C@H](SC(C)(C)C)C[C@H]4CO)cc3)nn3cccc23)n[nH]1
466,COc1cc2ncn(-c3cc(O[C@H](C)c4ccccc4Cl)c(C(N)=O)s3)c2cc1OC
554,CCN(CC)CCNC(=O)c1c(C)[nH]c(/C=C2\C(=O)Nc3ccc(Cl)cc32)c1C
356,CS(=O)(=O)c1cccc(Nc2nccc(-c3sc(N4CCOCC4)nc3-c3cccc(NS(=O)(=O)c4c(F)cccc4F)c3)n2)c1
459,O=C(O)/C=C/C(=O)O.OCCCNc1nccc(-c2c(-c3ccc(F)cc3)nn3cc(C(F)(F)F)ccc23)n1
494,O=C1NC(=O)c2cc(Nc3ccc(F)cc3)c(Nc3ccc(F)cc3)cc21
658,COc1ccc2c(c[n+](C)c3c4cc5c(cc4ccc23)OCO5)c1OC
531,Cc1ccc(NC(=O)c2ccc(CN(CCN(C)C)C(=O)c3cccnc3)cc2)cc1Nc1nccc(-c2cccnc2)n1
303,COc1ccc2c3ccnc(C(F)(F)F)c3n(CCCCN)c2c1
543,CCOc1cc2ncnc(Nc3cccc(Br)c3)c2cc1OCC
461,CNC(=O)c1cncc(/C=C/c2ccccc2C)c1
475,O=C1Nc2ccc3ncsc3c2/C1=C/c1c[nH]cn1
466,COc1ccc(-c2nn3ncccc3c2-c2ccnc(Nc3ccc(F)c(F)c3)n2)cc1
52,O=C1Nc2cc(NC(=O)c3c[nH]cc(-c4ccccc4F)c3=O)ccc2/C1=C/c1ccc[nH]1
525,Cc1c(NC(=O)c2cc(C(N)=O)nc3cc(F)ccc23)c(C(F)(F)F)nn1Cc1ccc(C#N)cc1
294,O=C(Nc1ccccc1Cl)c1cnc2ccc(C3CCNCC3)cn12.O=C(O)C(=O)O
540,N#CCCc1ccc2c(c1)-c1[nH]c3ccc([N+](=O)[O-])cc3c1CC(=O)N2
467,COc1cc(N2CCN(C(C)C)CC2)ccc1Nc1nc(Nc2ccc(F)cc2C(N)=O)c2cc[nH]c2n1
468,CS(=O)(=O)CCNCc1ccc(-c2ccc3ncnc(Nc4ccc(OCc5ccccc5)c(Cl)c4)c3c2)o1.Cl
75,Cn1cc(C2=C(c3cccc(NCC(O)CO)c3)C(=O)NC2=O)c2cc(F)ccc21
328,CCc1ccc(-c2ccc3c(c2)-c2[nH]ncc2S(=O)(=O)N3C)cc1
142,COC(=O)c1cc2cc(NCc3cc(NC(=O)c4cc(-n5cnc(C)c5)cc(C(F)(F)F)c4)ccc3C)cnc2[nH]1
460,COc1ccc(-c2oc3ncnc(N)c3c2-c2ccc(NC(=O)Nc3cc(C(F)(F)F)ccc3F)cc2)cc1.Cl
516,CN(C)C(=O)Cn1cc(-c2nc(C3(c4ccc(-c5cnc(N)nc5)cc4)CC3)no2)cn1
169,CNCCNS(=O)(=O)c1cccc2cnccc12
349,O=C1c2ccc(Nc3ccc(F)cc3F)cc2CCc2ccc(OC[C@H](O)CO)cc21
470,Cl.Nc1ncnc2occ(-c3ccc(NC(=O)Nc4cc(C(F)(F)F)ccc4F)cc3)c12
469,Cn1cnc2cc3c(Nc4cccc(Br)c4)ncnc3cc21
464,Cn1c(-c2nonc2N)nc2cnccc21
580,CNCc1ccccc1-c1csc([C@H](C)Nc2nc(C)nc3cc(OC)c(OC)cc23)c1
467,NS(=O)(=O)c1cccc(-c2cc3ccncc3cc2OCc2ccccc2)c1
523,N#CC(C#N)=C(N)/C(C#N)=C/c1ccc(O)cc1
465,CC(C)c1ccc2c(c1)NC(=O)/C2=N/Nc1ccc(S(N)(=O)=O)cc1
147,CC(C)(C(N)=O)C(=O)NCCCNc1nc(Nc2cccc(NC(=O)N3CCCC3)c2)ncc1Br
404,FC(F)(F)c1ccc(Cl)cc1CN1CCNc2ncc(-c3ccnc(N4CCNCC4)c3)cc21
461,CCn1c(-c2nonc2N)nc2ccncc21
468,c1ccc(-c2cnc(Nc3ccc(OCCN4CCCC4)cc3)s2)cc1
79,NCCNS(=O)(=O)c1ccc(Cl)c2ccncc12
467,c1ccc(Nc2ncc(-c3ccccc3)o2)cc1
618,Cn1cncc1[C@](O)(COc1ccc(C#N)cc1-c1ccc(OC(F)(F)F)cc1)c1ccc(C#N)cc1
543,O=C1NC(=O)C(c2cn(CCCn3ccnc3)c3ccccc23)=C1Nc1ccccc1
523,C[C@@H](c1cccc(C#N)c1)n1cc(Cl)cc(C(N)=O)c1=N
261,Cc1cc(OCc2ccc(F)cc2F)c(Br)c(=O)n1-c1cnc(CO)cn1
470,Nc1ncnc2occ(-c3ccc(NC(=O)Nc4cccc(C(F)(F)F)c4)cc3)c12
4,Clc1cnc2c(Nc3ccc(N4CCOCC4)cc3)nc(-c3cccnc3)cn12
553,COc1ccc(CNc2nc(N(CCO)CCO)nc3c2ncn3C(C)C)cc1
902,O=C(O)c1cc(-c2ccc(C3CCNCC3)cc2)c2ccc(-c3ccc(C(F)(F)F)cc3)cc2c1
580,CC(C)(O)c1ccc(-c2cnc3c(n2)N(CC2CCOCC2)CC(=O)N3)cn1
539,O=C(Nc1cccc(Nc2cc(Nc3cccc(C(F)(F)F)c3)ncn2)c1)C1CC1
25,NC(=O)c1ccc(Nc2ncc(F)c(Nc3ccccc3Cl)n2)cc1
465,Cc1ccc(C(=O)NC2CCC2)cc1-c1ccc(C(=O)NCC2CC2)cc1
466,COc1ccc(-c2nn3ncccc3c2-c2ccnc(Nc3ccc(Cl)c(C(F)(F)F)c3)n2)cc1
459,CNC(=O)c1cncc(/C=C/c2ccccc2Cl)c1
592,CN([C@@H](Cc1ccc(OS(=O)(=O)c2cccc3cnccc23)cc1)C(=O)N1CCN(c2ccccc2)CC1)S(=O)(=O)c1cccc2cnccc12
460,CN(C)CCOc1ccc(-c2nc(-c3ccncc3)c(-c3ccc4c(c3)CC/C4=N\O)[nH]2)cc1.Cl.O
467,COc1cc2c(cc1Nc1nc(Nc3cccc(F)c3C(N)=O)c3cc[nH]c3n1)N(C(=O)CN1CCN(C(C)C)CC1)CC2
460,O=C(O)C(F)(F)F.[O-][S+]1CCN(Cc2ccc(-c3ccc4ncnc(Nc5ccc(OCc6cccc(F)c6)c(Cl)c5)c4c3)o2)CC1
1223,CC[C@@H]1C(=O)N(C)c2cnc(Nc3ccc(C(=O)NC4CCN(C)CC4)cc3OC)nc2N1C1CCCC1
818,Cc1cc(C)c(/C=C2\C(=O)Nc3ccccc32)[nH]1
460,Cl.Fc1ccc(-c2nc3n(c2-c2ccncc2)CCS3)cc1
96,CC(C)c1noc(-c2ccc(F)cc2)c1-c1ccncc1
486,CC(C)(C)c1cc(C=C(C#N)C#N)cc(Br)c1O
5,Cc1cc(Nc2nc(Sc3ccc(NC(=O)C4CC4)cc3)nn3cc(NC(=O)CCN4CCCCC4)cc23)n[nH]1
262,CC1(C)OCCn2c1nc1c(N3CCOCC3)nc(-c3cnc(N)nc3)nc12
2255,CC[C@H](CO)Nc1nc(NCc2ccccc2)c2ncn(C(C)C)c2n1
108,Oc1c(Br)cc(C=C2c3cc(I)ccc3NC2O)cc1Br
84,Oc1cccc(Nc2ccnc3[nH]c4ccccc4c23)c1
538,C[C@H](c1cccc(C#N)c1)n1cc(Cl)cc(C(N)=O)c1=N
208,Nc1ncnc2c1c(-c1cccc(O)c1)cn2C1CCNCC1
464,Fc1ccc(-c2ncn(C3CCNCC3)c2-c2ccnc(Oc3cccc(F)c3)n2)cc1
283,Cn1cc(-c2ccc(Cc3n[nH]c4ccc(C(=O)N5CCOCC5)cc34)cc2)cn1
584,O=C(c1ccc(OCCC2CCOCC2)cc1)[C@H]1CC[C@@H](Cn2nnc3ccccc3c2=O)[C@@H]1C(=O)O
465,O=C1NC(=O)C(c2ccccc2)=C1Nc1ccccc1
470,O=C(Nc1n[nH]c2cc(-c3ccccc3)ccc12)C1CC1
145,O=C(Cc1cccc(OCCCC2CCNCC2)c1)Nc1nc(-c2c[nH]c3ncccc23)cs1
491,O=C(Nc1n[nH]c2nc(-c3ccco3)c(Br)cc12)C1CC1
10,COc1ccc(NC(=O)C2(C(=O)Nc3ccc4c(c3)NC(=O)/C4=C\c3ccc[nH]3)CC2)cc1
99,c1ccc(CC2CCC3(CCN(c4ncnc5[nH]cnc45)CC3)NC2)cc1
483,O=C(Nc1cccc([C@H]2CCCN(c3ncnc4[nH]ccc34)C2)c1)Nc1ccccc1N1CCCC1
459,Cc1cccc(Oc2nccc(-c3c(-c4ccc(F)cc4)ncn3C3CCNCC3)n2)c1C.O=C(O)C(F)(F)F
476,CC1=C(C(=O)Nc2cc(Cl)c3[nH]ncc3c2)C(c2ccc(C(F)(F)F)cc2)CC(=O)N1
1559,CN(C)C/C=C/C(=O)Nc1cc2c(Nc3ccc(F)c(Cl)c3)ncnc2cc1O[C@H]1CCOC1
492,Cc1[nH]c(/C=C2\C(=O)Nc3ccccc32)c(C)c1CCC(=O)O
1365,Cn1cnc2c(F)c(Nc3ccc(Br)cc3Cl)c(C(=O)NOCCO)cc21
209,CN(C)c1ccc(-c2cc3ncccc3c(NCCCCN)n2)cc1
438,COc1ccc(-c2cc3c(N[C@@H]4CC[C@](C)(N)C4(C)C)c(C(N)=O)cnn3c2)cn1
320,O[C@H]1CC[C@H](Nc2nccc(-n3ccc4ccccc43)n2)CC1
403,CN1CCN(c2ccc(-c3cnc4c(c3)N(Cc3cc(Cl)ccc3Cl)CCN4)cn2)CC1
306,c1cc(-c2c[nH]c3cnccc23)ccn1
459,CN(c1ccc(NC(=O)NCCN2CCOCC2)cc1)c1ccnc(Nc2ccc(CS(C)(=O)=O)cc2)n1.Cl
788,Cc1n[nH]c2ccc(-c3cncc(OC[C@@H](N)Cc4c[nH]c5ccccc45)c3)cc12
141,O=C(Cc1cccc(OCCCN2CCNCC2)c1)Nc1nc(-c2ccncc2)cs1
1060,O=c1cc(-c2cccc3c2Sc2ccccc2S3)oc(N2CCOCC2)c1
798,COC(=O)[C@@]1(O)C[C@H]2O[C@]1(C)n1c3ccccc3c3c4c(c5c6ccccc6n2c5c31)C(=O)NC4
639,CCN1/C(=C/C(C)=O)Sc2ccc(OC)cc21
217,Cc1[nH]nc(C2CC2)c1-c1ccc2c(NC(=O)C3CC3)noc2c1
388,CCN(CCCOc1ccc2c(Nc3cc(CC(=O)Nc4cccc(F)c4)[nH]n3)ncnc2c1)CCOP(=O)(O)O
465,COc1ccc(-c2cc(-c3c[nH]nc3-c3ccccn3)ccn2)cc1
553,Cc1nc(N)sc1-c1ccnc(Nc2ccc(N3CCOCC3)cc2)n1
468,O=C1Nc2ccc(-c3cccnc3)cc2/C1=C\c1ccc[nH]1
1933,COc1cc(N2CCC(N3CCN(C)CC3)CC2)ccc1Nc1ncc(Cl)c(Nc2ccccc2S(=O)(=O)C(C)C)n1
463,Cc1ccc(NC(=O)CC2CC2)cc1-c1ccc(C(=O)NCC2CC2)cc1
501,Nc1nc(-c2cccc(Cl)c2)c(-c2ccc3ncccc3n2)s1
258,Cc1ccc(C(=O)NC2CC2)cc1-c1ccc(C(=O)NCC2CC2)cc1
467,COc1cc2c(cc1Nc1nc(Nc3ccsc3C(N)=O)c3cc[nH]c3n1)N(C(=O)CN(C)C)CCC2
5,Cc1cc(Nc2nc(Sc3ccc(NC(=O)CN4C[C@H](O)[C@@H](F)C4)cc3)nn3cccc23)n[nH]1
464,COc1cc(Nc2ncc3c(C)nc(-c4cccc(Oc5ccccc5)c4)n3n2)cc(OC)c1OC
459,Cl.O=C(Nc1ccc(Oc2ccc3[nH]c(NC(=O)c4ccco4)nc3c2)cc1)Nc1cc(C(F)(F)F)ccc1F
5,Cc1cc(Nc2nc(Sc3ccc(NC(=O)CN4C[C@H](F)C[C@H]4CO)cc3)nn3cccc23)n[nH]1
518,O=C(NCc1ncc(C(F)(F)F)cc1Cl)c1ccc2c(c1)C1(CCS(=O)(=O)CC1)[C@@H](C1CC1)N2S(=O)(=O)c1ccc(F)cc1
459,CS(=O)(=O)CCNCc1nc(-c2ccc3ncnc(Nc4ccc(F)c(Cl)c4)c3c2)cs1.Cl
463,O=C1Nc2ccc(C(=O)c3ccco3)cc2C1=Cc1cc(Cl)c(O)c(Cl)c1
756,O=C(c1ccc(/C=C/c2n[nH]c3ccccc23)cc1)N1CCNCC1
644,O=C(Nc1cccnn1)N1CCC(=Cc2cccc(Oc3ccc(C(F)(F)F)cn3)c2)CC1
5,Cc1cc(Nc2nc(Sc3ccc(NC(=O)CN4C[C@H](Oc5ccc(F)cc5)[C@H](O)C4)cc3)nn3cccc23)n[nH]1
441,Cc1n[nH]c(C)c1-c1ccc2c(NC(=O)c3ccc(N4CCN(C)CC4)cc3)n[nH]c2c1
2626,CO[C@H]1C[C@@H]2CC[C@@H](C)[C@@](O)(O2)C(=O)C(=O)N2CCCC[C@H]2C(=O)O[C@H]([C@H](C)C[C@@H]2CC[C@@H](O)[C@H](OC)C2)CC(=O)[C@H](C)/C=C(\C)[C@@H](O)[C@@H](OC)C(=O)[C@H](C)C[C@H](C)/C=C/C=C/C=C/1C
2656,CO[C@@H]1[C@H](N(C)C(=O)c2ccccc2)C[C@H]2O[C@]1(C)n1c3ccccc3c3c4c(c5c6ccccc6n2c5c31)C(=O)NC4
462,Cl.ON=C1CCc2cc(-c3nc(C4CCNCC4)[nH]c3-c3ccncc3)ccc21
477,CCN(CC)CCCCN1c2ccccc2Oc2ccc(Cl)cc21
462,Fc1ccc(-c2cc(-c3c[nH]nc3-c3ccccn3)ccn2)cc1
459,CS(=O)(=O)CCNCc1coc(-c2ccc3ncnc(Nc4ccc(OCc5ccccc5)cc4)c3c2)c1.Cl
486,c1ccc2c(-c3ccncc3)c[nH]c2c1
469,N#C/C(=C(\N)Sc1ccc(N)cc1)c1ccccc1C(F)(F)F
457,CN1CCC(C(=O)Nc2n[nH]c3nnc(-c4ccccc4)cc23)CC1.Cl
572,C[C@H](c1ccc(F)cc1)N(Cc1cccc(C(=O)O)c1)C(=O)c1cnc2ccccc2c1
459,CCS(=O)(=O)c1ccc(OC)c(Nc2nccc(N(C)c3ccc4c(C)n[nH]c4c3)n2)c1.Cl
13,COc1ccc(C(=O)NC(=O)Nc2ccc3c(c2)NC(=O)/C3=C\c2ccc[nH]2)cc1
5,Cc1cc(Nc2nc(Sc3ccc(NC(=O)CN4CCC[C@H]4CO)cc3)nn3cccc23)n[nH]1
464,COc1cc(N2CCN(C(C)C)CC2)ccc1Nc1nc(Nc2cccc(F)c2C(=O)O)c2cc[nH]c2n1
261,O=C(c1ccc(-c2cnc3c(c2)N(Cc2cc(Cl)ccc2C(F)(F)F)CCN3)cc1)N1CCC(N2CCCC2)CC1
464,Nc1nonc1-c1nc2cnccc2n1C1CCCCC1
821,O=C(NC1CCNCC1)c1n[nH]cc1NC(=O)c1c(Cl)cccc1Cl
800,CCOc1cc2ncc(C#N)c(Nc3ccc(F)c(Cl)c3)c2cc1NC(=O)/C=C/CN(C)C
464,CC1(C)CC(n2cnc(-c3ccc(F)cc3)c2-c2ccnc(N)n2)CC(C)(C)N1
768,COc1cc2c(Oc3ccc(-c4nc5ccccc5s4)cc3)ncnc2cc1OCCCN1CCCC1
5,Cc1cc(Nc2nc(Sc3ccc(NC(=O)CN4C[C@H](O)[C@@H](OC5CCCC5)C4)cc3)nn3cccc23)n[nH]1
530,CN1C[C@H](Nc2nc3cc[nH]c3c(=O)n2C)C[C@H](c2ccc3c(c2)OCCO3)C1
85,CC(=O)N1CCN(C(=O)Cc2ccc(Nc3ncc(F)c(Nc4ccc(C(=O)Nc5ccccc5Cl)cc4)n3)cc2)CC1
258,COC1CCN(C(=O)c2ccc(-c3cnc4c(c3)N(Cc3cc(Cl)ccc3C(F)(F)F)CCN4)cc2)CC1
375,Nc1ncnc2c1c(-c1cnc3[nH]ccc3c1)nn2C1CCCC1
73,CC(C)(C)c1cc(NC(=O)NCc2ccc(-c3cc(NC(=O)c4ccc(OCCN5CCOCC5)cc4)[nH]n3)cc2)no1
475,Cc1nnc(-c2ccc(C)c(-c3ccc(C(=O)Nc4cccc(C#N)c4)cc3)c2)o1
1626,CS(=O)(=O)N1CCN(Cc2cc3nc(-c4cccc5[nH]ncc45)nc(N4CCOCC4)c3s2)CC1
461,Cc1cc(O)cc(C)c1/C=C/c1cncc(C(=O)OC(C)(C)C)c1
848,CCN1CCN(Cc2ccc(NC(=O)Nc3ccc(Oc4cc(NC)ncn4)cc3)cc2C(F)(F)F)CC1
960,N#CC[C@H](C1CCCC1)n1cc(-c2ncnc3[nH]ccc23)cn1
996,COC(=O)c1ccc2c(c1)NC(=O)/C2=C(\Nc1ccc(N(C)C(=O)CN2CCN(C)CC2)cc1)c1ccccc1
1340,CCOc1cc2ncc(C#N)c(Nc3ccc(OCc4ccccn4)c(Cl)c3)c2cc1NC(=O)/C=C/CN(C)C
563,O=c1cc(N2CCOCC2)oc2c1ccc1ccccc12
465,NC(=O)c1sc(-n2cnc3ccccc32)cc1OCc1ccccc1Br
514,Cc1nccc(COC(=O)N2C[C@H]3[C@H](CNC(=O)c4ccc5[nH]nnc5c4)[C@H]3C2)n1
1457,CC(C)(C)c1cc(NC(=O)Nc2ccc(-c3cn4c(n3)sc3cc(OCCN5CCOCC5)ccc34)cc2)no1
806,COc1cc2nccc(Oc3ccc(NC(=O)Nc4cc(C)on4)c(Cl)c3)c2cc1OC
778,Cn1cc(-c2ccc3nnc(Sc4ccc5ncccc5c4)n3n2)cn1
1652,CC1(C)CNc2cc(NC(=O)c3cccnc3NCc3ccncc3)ccc21
462,CCn1c(-c2nonc2N)nc2ccc(F)cc21
463,CS(=O)(=O)Nc1ccc(N/C=C2\C(=O)Nc3ccccc32)cc1
951,N#Cc1c(NC(=O)c2cccc3ccccc23)sc2c1CCCC2
69,O=C(NOC[C@@H](O)CO)c1ccc(F)c(F)c1Nc1ccc(I)cc1Cl.O=C(NOC[C@H](O)CO)c1ccc(F)c(F)c1Nc1ccc(I)cc1Cl
594,O=C1C(Cl)=C(N2C(=O)CCC2=O)C(=O)c2ccccc21
470,NS(=O)(=O)c1ccc(NC=C2C(=O)Nc3ccc4ncsc4c32)cc1
760,Cc1cnc(Nc2ccc(OCCN3CCCC3)cc2)nc1Nc1cccc(S(=O)(=O)NC(C)(C)C)c1
1576,Cc1cn(-c2cc(NC(=O)c3ccc(C)c(Nc4nccc(-c5cccnc5)n4)c3)cc(C(F)(F)F)c2)cn1
51,CCSCc1ccc2c(c1)c1c3c(c4c5cc(CSCC)ccc5n5c4c1n2[C@H]1C[C@](O)(C(=O)OC)[C@]5(C)O1)CNC3=O
1946,Cc1ccc(Nc2nccc(N(C)c3ccc4c(C)n(C)nc4c3)n2)cc1S(N)(=O)=O
473,c1cnn2ncc(-c3ccnc(NCCCN4CCOCC4)n3)c2c1
485,Fc1ccc(-c2nc3n(c2-c2ccncc2)CCS3)cc1
1258,CC(C)(C)c1cnc(CSc2cnc(NC(=O)C3CCNCC3)s2)o1
322,Cc1csc(-c2nnc(Nc3ccc(Oc4ncccc4-c4ccnc(N)n4)cc3)c3ccccc23)c1
463,N#Cc1ccc2c(-c3ccnc(NC4CC4)n3)c(-c3ccc(F)cc3)nn2c1
1529,CNC(=O)c1ccccc1Sc1ccc2c(/C=C/c3ccccn3)n[nH]c2c1
468,O=C1NC(=O)/C(=C\c2ccc3nccnc3c2)S1
763,Nc1nc(N)c2nc(-c3cccc(O)c3)c(-c3cccc(O)c3)nc2n1
903,Cc1cc2c(F)c(Oc3ncnn4cc(OC[C@@H](C)O)c(C)c34)ccc2[nH]1
424,CO[C@@H](C(=O)N1Cc2n[nH]c(NC(=O)c3ccc(N4CCN(C)CC4)cc3)c2C1)c1ccccc1
2143,C[C@@H](Oc1cc(-c2cnn(C3CCNCC3)c2)cnc1N)c1c(Cl)ccc(F)c1Cl
1032,O=C(NOC[C@H](O)CO)c1ccc(F)c(F)c1Nc1ccc(I)cc1F
1218,O=S(=O)(c1cccc2cnccc12)N1CCCNCC1
1329,CN(C)C[C@@H]1CCn2cc(c3ccccc32)C2=C(C(=O)NC2=O)c2cn(c3ccccc23)CCO1
1609,O=C(O)c1ccc(Nc2ncc3c(n2)-c2ccc(Cl)cc2C(c2c(F)cccc2F)=NC3)cc1
4322,COc1cc2ncnc(Nc3ccc(F)c(Cl)c3)c2cc1OCCCN1CCOCC1
879,CNC(=O)c1ccc(Nc2ncc(C(F)(F)F)c(NCc3nccnc3N(C)S(C)(=O)=O)n2)cc1
927,COc1cc2c(Oc3ccc4[nH]c(C)cc4c3F)ncnc2cc1OCCCN1CCCC1
756,Cc1ccc(NC(=O)c2ccc(CN3CCN(C)CC3)cc2)cc1Nc1nc(-c2cccnc2)cs1
2072,Cc1ccc(-n2nc(C(C)(C)C)cc2NC(=O)Nc2ccc(OCCN3CCOCC3)c3ccccc23)cc1
370,CCn1cc(-c2ccnc3[nH]c(-c4cccc(CN(C)C)c4)cc23)c(-c2ccc(NC(=O)N(C)C)cc2)n1
813,CCn1c(-c2nonc2N)nc2c(C#CC(C)(C)O)ncc(OC[C@H]3CCCNC3)c21
